fecha,gameId,personId,firstName,lastName,equipo,rival,playerteamId,opponentteamId,local,numMinutes,numMinutes_q10,numMinutes_q90,numMinutes_base,points,points_q10,points_q90,points_base,reboundsTotal,reboundsTotal_q10,reboundsTotal_q90,reboundsTotal_base,assists,assists_q10,assists_q90,assists_base,threePointersMade,threePointersMade_q10,threePointersMade_q90,threePointersMade_base,ajuste_equipo,generado
2026-03-08,22500927,201142.0,Kevin,Durant,Rockets,Spurs,1610612745,1610612759,0,37.1,30.9,41.8,36.5,24.7,15.3,33.9,27.0,5.4,2.4,9.3,6.5,4.7,1.9,8.0,5.0,2.1,0.3,4.7,2.5,0.968,2026-10-03 00:01
2026-03-08,22500927,201145.0,Jeff,Green,Rockets,Spurs,1610612745,1610612759,0,5.0,1.5,16.2,5.5,2.3,0.0,8.1,2.6,0.7,0.0,2.9,1.0,0.0,0.0,1.5,0.3,0.0,0.0,1.9,0.5,0.968,2026-10-03 00:01
2026-03-08,22500930,201566.0,Russell,Westbrook,Kings,Bulls,1610612758,1610612741,1,30.3,23.1,36.6,25.3,18.9,7.8,27.9,15.2,4.3,1.2,7.8,2.8,6.4,2.1,9.6,5.1,1.9,0.0,4.2,1.8,1.049,2026-10-03 00:01
2026-03-08,22500925,201599.0,DeAndre,Jordan,Pelicans,Wizards,1610612740,1610612764,1,9.3,2.7,22.8,13.7,2.6,0.0,7.7,4.0,3.8,0.5,8.5,5.9,0.1,0.0,1.6,0.5,0.0,0.0,0.0,0.0,0.908,2026-10-03 00:01
2026-03-08,22500921,201935.0,James,Harden,Cavaliers,Celtics,1610612739,1610612738,1,35.1,28.3,38.4,32.9,19.5,11.2,29.2,19.7,4.8,2.1,7.5,5.1,7.3,3.7,11.0,8.0,2.5,0.6,5.0,3.0,0.934,2026-10-03 00:01
2026-03-08,22500929,201950.0,Jrue,Holiday,Trail Blazers,Pacers,1610612757,1610612754,1,32.9,25.1,38.0,31.1,19.1,9.6,28.8,21.4,4.5,1.8,7.5,4.7,6.6,2.7,10.5,6.1,2.4,0.5,5.0,3.1,0.922,2026-10-03 00:01
2026-03-08,22500924,202066.0,Garrett,Temple,Raptors,Mavericks,1610612761,1610612742,1,4.2,0.6,10.2,1.9,-0.0,0.0,3.8,0.0,0.3,0.0,2.0,0.2,0.2,0.0,1.4,0.3,0.0,0.0,0.7,0.0,0.975,2026-10-03 00:01
2026-03-08,22500927,202687.0,Bismack,Biyombo,Spurs,Rockets,1610612759,1610612745,1,4.0,0.9,14.6,4.4,0.6,0.0,4.0,0.9,0.8,0.0,2.9,0.9,0.0,0.0,1.3,0.2,0.0,0.0,0.6,0.0,0.975,2026-10-03 00:01
2026-03-08,22500924,202691.0,Klay,Thompson,Mavericks,Raptors,1610612742,1610612761,0,18.7,12.0,27.5,20.5,9.1,1.9,17.3,12.8,1.6,0.0,3.9,1.7,1.0,0.0,2.9,1.2,2.1,0.1,4.7,3.2,0.922,2026-10-03 00:01
2026-03-08,22500923,202699.0,Tobias,Harris,Pistons,Heat,1610612765,1610612748,0,31.0,23.0,37.1,30.9,13.4,6.0,23.4,13.1,5.6,2.9,9.8,7.5,2.1,0.0,4.4,1.6,1.0,0.0,3.0,0.9,1.009,2026-10-03 00:01
2026-03-08,22500929,203081.0,Damian,Lillard,Trail Blazers,Pacers,1610612757,1610612754,1,20.0,3.7,29.0,31.9,6.9,0.6,16.0,16.6,1.3,0.0,4.6,4.3,2.9,1.2,5.9,5.7,0.9,0.0,3.0,2.2,0.922,2026-10-03 00:01
2026-03-08,22500924,203114.0,Khris,Middleton,Mavericks,Raptors,1610612742,1610612761,0,25.3,18.7,33.5,25.5,11.5,4.0,19.0,12.3,3.8,1.1,7.0,4.2,3.1,0.8,6.5,3.4,1.0,0.0,3.0,0.8,0.922,2026-10-03 00:01
2026-03-08,22500921,203471.0,Dennis,Schroder,Cavaliers,Celtics,1610612739,1610612738,1,26.9,18.2,32.7,25.1,10.7,3.2,18.6,11.1,2.7,0.5,5.1,2.2,4.9,1.6,8.2,4.7,1.0,0.0,2.9,1.0,0.934,2026-10-03 00:01
2026-03-08,22500927,203482.0,Kelly,Olynyk,Spurs,Rockets,1610612759,1610612745,1,5.5,1.0,18.3,7.4,1.9,0.0,7.8,2.3,0.9,0.0,3.7,1.2,0.4,0.0,2.0,0.6,0.0,0.0,0.8,0.1,0.975,2026-10-03 00:01
2026-03-08,22500926,203648.0,Thanasis,Antetokounmpo,Bucks,Magic,1610612749,1610612753,1,3.9,1.1,13.8,2.7,1.6,0.0,7.3,0.6,1.8,0.0,5.1,0.9,0.0,0.0,1.1,0.2,0.0,0.0,0.4,0.0,1.114,2026-10-03 00:01
2026-03-08,22500922,203903.0,Jordan,Clarkson,Knicks,Lakers,1610612752,1610612747,0,7.0,1.9,20.6,11.7,2.4,0.0,10.6,5.3,0.8,0.0,3.1,1.1,0.2,0.0,2.2,0.9,0.0,0.0,1.5,0.4,0.992,2026-10-03 00:01
2026-03-08,22500926,203914.0,Gary,Harris,Bucks,Magic,1610612749,1610612753,1,8.9,2.3,21.8,11.2,1.7,0.0,6.0,1.7,0.9,0.0,3.1,0.8,0.3,0.0,2.3,1.1,0.1,0.0,1.7,0.4,1.114,2026-10-03 00:01
2026-03-08,22500929,203924.0,Jerami,Grant,Trail Blazers,Pacers,1610612757,1610612754,1,33.3,24.2,38.2,31.8,17.7,9.2,28.7,18.1,3.2,1.2,7.0,3.6,2.4,0.0,4.8,1.7,2.1,0.0,4.7,2.0,0.922,2026-10-03 00:01
2026-03-08,22500930,203926.0,Doug,McDermott,Kings,Bulls,1610612758,1610612741,1,7.9,2.3,20.8,8.8,2.9,0.0,12.5,3.7,0.8,0.0,2.2,0.7,0.3,0.0,1.8,0.3,0.3,0.0,2.4,1.1,1.049,2026-10-03 00:01
2026-03-08,22500922,203935.0,Marcus,Smart,Lakers,Knicks,1610612747,1610612752,1,28.2,20.3,36.1,27.4,7.8,2.5,16.7,7.9,2.9,0.5,5.1,2.2,2.6,0.9,5.0,3.0,1.2,0.0,3.2,1.7,0.997,2026-10-03 00:01
2026-03-08,22500924,203939.0,Dwight,Powell,Mavericks,Raptors,1610612742,1610612761,0,17.1,7.7,26.4,13.7,3.5,0.0,8.6,4.3,4.6,1.1,8.5,3.9,0.9,0.0,2.6,0.7,0.0,0.0,0.6,0.1,0.922,2026-10-03 00:01
2026-03-08,22500923,203952.0,Andrew,Wiggins,Heat,Pistons,1610612748,1610612765,1,28.2,18.5,35.5,29.7,13.1,5.5,22.0,17.1,4.7,1.7,8.7,6.2,2.0,0.1,4.3,2.5,2.0,0.1,4.0,2.7,0.959,2026-10-03 00:01
2026-03-08,22500927,203991.0,Clint,Capela,Rockets,Spurs,1610612745,1610612759,0,15.4,6.5,24.2,13.3,3.9,0.0,9.9,3.2,4.5,1.3,8.8,4.3,0.9,0.0,1.9,0.7,0.0,0.0,0.0,0.0,0.968,2026-10-03 00:01
2026-03-08,22500929,204456.0,T.J.,McConnell,Pacers,Trail Blazers,1610612754,1610612757,0,17.5,10.8,26.3,15.4,7.5,2.0,15.4,8.5,2.2,0.0,4.8,1.6,4.6,0.8,7.5,4.4,0.0,0.0,1.2,0.2,0.861,2026-10-03 00:01
2026-03-08,22500922,1626157.0,Karl-Anthony,Towns,Knicks,Lakers,1610612752,1610612747,0,30.4,22.4,36.0,29.6,17.3,8.9,25.8,19.3,10.6,6.1,15.3,11.6,2.2,0.4,4.9,2.5,1.0,0.0,3.0,1.4,0.992,2026-10-03 00:01
2026-03-08,22500928,1626164.0,Devin,Booker,Suns,Hornets,1610612756,1610612766,1,32.8,26.7,38.0,30.4,24.1,14.8,37.3,23.0,3.5,1.2,6.5,3.6,4.8,1.8,8.2,4.2,1.9,0.1,4.1,2.4,1.046,2026-10-03 00:01
2026-03-08,22500926,1626167.0,Myles,Turner,Bucks,Magic,1610612749,1610612753,1,22.7,15.6,30.0,22.8,10.6,2.9,19.0,9.7,5.1,1.3,8.2,4.7,1.0,0.0,2.6,1.1,1.2,0.0,3.1,1.8,1.114,2026-10-03 00:01
2026-03-08,22500926,1626171.0,Bobby,Portis,Bucks,Magic,1610612749,1610612753,1,22.0,15.8,30.0,22.4,13.6,5.2,22.7,13.8,5.1,2.0,8.6,5.3,1.1,0.0,2.9,1.1,1.7,0.0,3.4,2.2,1.114,2026-10-03 00:01
2026-03-08,22500925,1626172.0,Kevon,Looney,Pelicans,Wizards,1610612740,1610612764,1,7.7,2.1,17.9,14.4,1.5,0.0,5.3,3.2,3.0,0.1,7.7,6.5,0.4,0.0,1.9,1.3,0.0,0.0,0.0,0.0,0.908,2026-10-03 00:01
2026-03-08,22500923,1626181.0,Norman,Powell,Heat,Pistons,1610612748,1610612765,1,22.4,13.3,30.8,26.4,15.2,3.2,23.8,18.6,2.7,0.4,5.7,3.7,1.6,0.0,3.8,2.3,1.4,0.0,4.1,2.3,0.959,2026-10-03 00:01
2026-03-08,22500928,1626192.0,Pat,Connaughton,Hornets,Suns,1610612766,1610612756,0,7.3,1.4,19.2,9.4,2.3,0.0,8.8,3.4,1.2,0.0,3.9,1.9,0.5,0.0,2.1,0.8,0.1,0.0,1.8,0.7,1.005,2026-10-03 00:01
2026-03-08,22500921,1626204.0,Larry,Nance Jr.,Cavaliers,Celtics,1610612739,1610612738,1,4.9,1.0,16.6,9.6,1.0,0.0,5.9,2.9,0.8,0.0,4.1,2.5,0.1,0.0,1.3,0.6,0.0,0.0,1.2,0.5,0.934,2026-10-03 00:01
2026-03-08,22500928,1626220.0,Royce,O'Neale,Suns,Hornets,1610612756,1610612766,1,28.0,19.7,36.1,26.9,9.1,2.2,17.3,8.0,4.3,1.6,7.8,4.9,2.0,0.1,4.5,2.1,1.9,0.0,3.7,2.4,1.046,2026-10-03 00:01
2026-03-08,22500924,1627742.0,Brandon,Ingram,Raptors,Mavericks,1610612761,1610612742,1,33.7,26.9,38.7,33.1,21.7,11.3,30.5,21.6,5.1,2.1,8.0,5.0,3.7,1.4,7.0,4.2,1.6,0.0,3.8,1.7,0.975,2026-10-03 00:01
2026-03-08,22500925,1627749.0,Dejounte,Murray,Pelicans,Wizards,1610612740,1610612764,1,29.9,23.2,34.8,28.2,15.7,8.5,25.1,18.1,5.8,2.4,10.0,5.8,6.2,2.8,9.8,6.2,1.2,0.0,3.4,1.3,0.908,2026-10-03 00:01
2026-03-08,22500924,1627751.0,Jakob,Poeltl,Raptors,Mavericks,1610612761,1610612742,1,26.3,17.5,33.0,23.4,9.0,3.1,14.9,8.8,7.2,2.8,12.2,6.4,1.9,0.0,4.5,1.7,0.0,0.0,0.0,0.0,0.975,2026-10-03 00:01
2026-03-08,22500921,1627759.0,Jaylen,Brown,Celtics,Cavaliers,1610612738,1610612739,0,34.7,27.7,38.6,33.5,25.0,14.5,33.6,25.6,7.5,3.7,11.1,8.0,5.4,2.6,9.0,6.4,1.7,0.0,3.8,1.6,0.953,2026-10-03 00:01
2026-03-08,22500929,1627783.0,Pascal,Siakam,Pacers,Trail Blazers,1610612754,1610612757,0,33.4,24.0,38.3,31.8,21.5,10.9,28.5,25.0,5.6,2.1,10.2,5.6,3.4,1.0,6.1,3.2,1.2,0.0,3.4,1.4,0.861,2026-10-03 00:01
2026-03-08,22500930,1627824.0,Guerschon,Yabusele,Bulls,Kings,1610612741,1610612758,0,28.5,18.9,35.6,25.5,10.6,3.5,21.3,11.0,5.8,2.5,10.2,6.5,2.2,0.0,4.9,2.4,1.8,0.0,4.1,2.1,0.957,2026-10-03 00:01
2026-03-08,22500929,1627826.0,Ivica,Zubac,Pacers,Trail Blazers,1610612754,1610612757,0,23.8,16.5,34.5,29.0,10.6,5.1,16.7,12.4,10.5,6.2,16.2,12.0,1.5,0.0,3.4,1.5,0.0,0.0,0.0,0.0,0.861,2026-10-03 00:01
2026-03-08,22500927,1627827.0,Dorian,Finney-Smith,Rockets,Spurs,1610612745,1610612759,0,19.1,10.0,29.3,19.5,3.5,0.0,9.5,3.4,2.9,0.7,5.6,2.9,0.9,0.0,2.4,1.0,1.0,0.0,2.4,0.8,0.968,2026-10-03 00:01
2026-03-08,22500927,1628368.0,De'Aaron,Fox,Spurs,Rockets,1610612759,1610612745,1,30.4,23.9,35.3,28.3,16.1,7.8,24.9,17.0,2.9,1.0,6.0,3.0,5.8,2.6,9.5,6.0,1.6,0.0,3.6,1.7,0.975,2026-10-03 00:01
2026-03-08,22500921,1628369.0,Jayson,Tatum,Celtics,Cavaliers,1610612738,1610612739,0,34.7,26.8,39.0,37.9,20.5,11.2,29.4,25.6,10.0,5.8,15.1,11.2,5.5,2.8,9.5,5.8,2.5,0.9,4.9,3.5,0.953,2026-10-03 00:01
2026-03-08,22500930,1628370.0,Malik,Monk,Kings,Bulls,1610612758,1610612741,1,24.9,18.0,33.3,20.8,13.9,5.5,24.6,13.0,2.0,0.1,4.1,1.3,3.4,0.9,6.5,3.2,2.2,0.0,4.9,2.3,1.049,2026-10-03 00:01
2026-03-08,22500921,1628378.0,Donovan,Mitchell,Cavaliers,Celtics,1610612739,1610612738,1,30.2,23.3,36.6,30.6,22.8,13.7,32.1,24.8,3.5,1.1,6.6,3.2,5.5,2.5,9.1,6.1,2.3,0.1,5.0,2.1,0.934,2026-10-03 00:01
2026-03-08,22500922,1628379.0,Luke,Kennard,Lakers,Knicks,1610612747,1610612752,1,22.2,15.2,30.8,21.2,9.0,2.4,15.9,10.3,2.6,0.9,5.1,2.9,1.8,0.0,4.1,1.7,1.2,0.0,3.2,1.7,0.997,2026-10-03 00:01
2026-03-08,22500922,1628384.0,OG,Anunoby,Knicks,Lakers,1610612752,1610612747,0,33.4,26.3,39.5,34.5,14.1,6.4,23.6,16.3,4.4,1.6,7.6,4.5,2.0,0.0,4.1,1.8,1.9,0.3,4.4,2.7,0.992,2026-10-03 00:01
2026-03-08,22500923,1628389.0,Bam,Adebayo,Heat,Pistons,1610612748,1610612765,1,34.3,27.9,38.8,32.7,19.9,11.9,29.9,21.9,9.9,5.3,14.0,10.1,3.3,1.1,6.0,3.5,1.3,0.0,3.6,1.5,0.959,2026-10-03 00:01
2026-03-08,22500921,1628401.0,Derrick,White,Celtics,Cavaliers,1610612738,1610612739,0,34.2,26.9,38.9,33.5,14.7,8.1,24.8,17.3,4.2,1.7,6.7,4.4,6.0,2.7,9.4,6.7,2.4,0.4,4.9,3.0,0.953,2026-10-03 00:01
2026-03-08,22500922,1628404.0,Josh,Hart,Knicks,Lakers,1610612752,1610612747,0,28.7,21.0,34.5,27.6,10.3,4.3,18.1,10.2,6.4,3.2,10.1,6.9,4.5,2.1,7.8,5.2,1.0,0.0,2.9,0.9,0.992,2026-10-03 00:01
2026-03-08,22500921,1628418.0,Thomas,Bryant,Cavaliers,Celtics,1610612739,1610612738,1,13.0,5.6,21.0,13.6,5.8,1.0,12.8,7.3,3.7,0.9,7.3,4.2,0.8,0.0,2.0,0.7,0.9,0.0,2.1,0.8,0.934,2026-10-03 00:01
2026-03-08,22500927,1628436.0,Luke,Kornet,Spurs,Rockets,1610612759,1610612745,1,17.4,9.6,26.2,14.7,4.3,0.4,10.2,4.8,4.6,1.3,8.8,4.7,1.2,0.0,3.2,1.4,0.0,0.0,0.0,0.0,0.975,2026-10-03 00:01
2026-03-08,22500922,1628467.0,Maxi,Kleber,Lakers,Knicks,1610612747,1610612752,1,7.0,1.9,19.0,12.3,1.1,0.0,6.7,3.0,1.5,0.0,4.4,2.6,0.1,0.0,1.5,0.7,0.0,0.0,0.7,0.2,0.997,2026-10-03 00:01
2026-03-08,22500924,1628963.0,Marvin,Bagley III,Mavericks,Raptors,1610612742,1610612761,0,19.0,8.2,28.1,21.7,9.5,2.8,16.0,12.3,6.5,2.0,11.0,8.2,0.9,0.0,2.5,1.0,0.0,0.0,1.0,0.3,0.922,2026-10-03 00:01
2026-03-08,22500922,1628969.0,Mikal,Bridges,Knicks,Lakers,1610612752,1610612747,0,31.1,23.2,37.2,30.1,12.7,5.8,20.6,14.0,3.2,1.1,6.2,3.3,2.9,0.8,6.0,3.4,1.0,0.0,3.2,1.4,0.992,2026-10-03 00:01
2026-03-08,22500928,1628970.0,Miles,Bridges,Hornets,Suns,1610612766,1610612756,0,29.5,22.8,35.8,28.2,13.2,5.1,21.2,12.8,4.5,1.5,8.3,4.6,2.4,0.7,5.1,2.8,1.0,0.0,3.2,1.4,1.005,2026-10-03 00:01
2026-03-08,22500922,1628973.0,Jalen,Brunson,Knicks,Lakers,1610612752,1610612747,0,35.5,28.5,40.2,34.5,22.2,12.3,33.2,20.2,3.5,1.2,6.5,3.8,6.6,3.4,9.8,8.1,2.1,0.1,4.7,2.2,0.992,2026-10-03 00:01
2026-03-08,22500926,1628975.0,Jevon,Carter,Magic,Bucks,1610612753,1610612749,0,20.6,13.0,30.4,21.5,7.5,0.9,15.2,6.9,2.1,0.3,4.8,2.4,2.2,0.6,5.4,3.0,1.3,0.0,3.7,1.7,0.999,2026-10-03 00:01
2026-03-08,22500926,1628976.0,Wendell,Carter Jr.,Magic,Bucks,1610612753,1610612749,0,28.3,21.2,34.8,28.9,10.4,4.5,17.3,9.9,7.3,3.9,12.1,9.1,2.0,0.0,4.3,2.1,0.1,0.0,1.8,0.2,0.999,2026-10-03 00:01
2026-03-08,22500927,1628988.0,Aaron,Holiday,Rockets,Spurs,1610612745,1610612759,0,11.8,3.2,22.2,10.9,3.7,0.0,10.5,4.5,1.0,0.0,3.3,1.2,0.8,0.0,2.1,0.7,0.7,0.0,2.2,0.7,0.968,2026-10-03 00:01
2026-03-08,22500923,1628989.0,Kevin,Huerter,Pistons,Heat,1610612765,1610612748,0,15.0,5.1,27.0,15.6,5.4,0.0,13.0,6.0,2.8,0.5,5.8,3.3,1.4,0.0,3.6,1.8,0.7,0.0,2.3,0.8,1.009,2026-10-03 00:01
2026-03-08,22500924,1628997.0,Caleb,Martin,Mavericks,Raptors,1610612742,1610612761,0,17.8,9.5,27.6,19.2,5.0,0.7,11.0,7.1,2.7,0.6,5.8,2.6,1.1,0.0,3.6,0.8,0.4,0.0,1.9,0.6,0.922,2026-10-03 00:01
2026-03-08,22500927,1629006.0,Josh,Okogie,Rockets,Spurs,1610612745,1610612759,0,14.5,7.2,23.7,14.6,3.4,0.0,8.5,3.7,2.1,0.0,4.3,1.9,0.3,0.0,1.8,0.3,0.8,0.0,2.2,0.9,0.968,2026-10-03 00:01
2026-03-08,22500922,1629011.0,Mitchell,Robinson,Knicks,Lakers,1610612752,1610612747,0,16.5,9.4,22.8,17.1,4.5,0.7,9.2,6.3,5.6,2.0,10.7,6.7,0.8,0.0,1.8,0.7,0.0,0.0,0.0,0.0,0.992,2026-10-03 00:01
2026-03-08,22500930,1629012.0,Collin,Sexton,Bulls,Kings,1610612741,1610612758,0,29.8,19.6,35.7,24.9,15.7,6.6,24.4,14.9,2.5,0.7,4.6,2.1,3.4,0.1,6.7,1.8,1.8,0.0,4.1,1.8,0.957,2026-10-03 00:01
2026-03-08,22500922,1629013.0,Landry,Shamet,Knicks,Lakers,1610612752,1610612747,0,23.2,16.9,31.5,24.2,9.5,2.9,18.2,11.4,1.3,0.0,3.2,1.4,1.5,0.0,3.4,1.8,1.7,0.0,4.0,2.0,0.992,2026-10-03 00:01
2026-03-08,22500926,1629018.0,Gary,Trent Jr.,Bucks,Magic,1610612749,1610612753,1,8.6,1.9,22.0,7.2,3.5,0.0,11.9,3.6,0.4,0.0,2.0,0.3,0.0,0.0,1.6,0.4,0.4,0.0,2.5,0.7,1.114,2026-10-03 00:01
2026-03-08,22500922,1629020.0,Jarred,Vanderbilt,Lakers,Knicks,1610612747,1610612752,1,15.3,4.7,25.0,12.5,3.2,0.0,10.0,2.4,3.2,0.6,7.3,3.1,0.9,0.0,2.4,0.7,0.2,0.0,1.8,0.3,0.997,2026-10-03 00:01
2026-03-08,22500926,1629021.0,Moritz,Wagner,Magic,Bucks,1610612753,1610612749,0,16.4,9.7,25.8,14.2,9.1,2.6,17.2,8.1,3.3,0.9,7.4,3.2,1.1,0.0,3.4,1.7,0.5,0.0,2.4,0.3,0.999,2026-10-03 00:01
2026-03-08,22500924,1629023.0,P.J.,Washington,Mavericks,Raptors,1610612742,1610612761,0,29.3,19.5,35.5,29.9,11.6,4.2,19.3,13.4,5.3,2.0,9.3,5.5,1.7,0.0,4.0,2.0,1.0,0.0,3.0,1.4,0.922,2026-10-03 00:01
2026-03-08,22500925,1629027.0,Trae,Young,Wizards,Pelicans,1610612764,1610612740,0,25.1,18.7,30.7,26.4,14.7,3.4,25.3,18.3,2.1,0.0,4.0,1.6,7.6,3.3,12.1,9.0,1.2,0.0,3.6,1.8,0.971,2026-10-03 00:01
2026-03-08,22500922,1629028.0,Deandre,Ayton,Lakers,Knicks,1610612747,1610612752,1,18.9,9.2,27.2,22.2,7.6,1.8,13.6,8.5,5.6,1.6,10.7,7.1,0.5,0.0,1.8,0.5,0.0,0.0,0.0,0.0,0.997,2026-10-03 00:01
2026-03-08,22500922,1629029.0,Luka,Doncic,Lakers,Knicks,1610612747,1610612752,1,35.0,29.1,39.1,32.9,29.1,19.1,39.3,28.8,7.6,3.6,10.7,7.3,7.4,3.7,11.1,7.5,3.8,1.0,6.4,4.1,0.997,2026-10-03 00:01
2026-03-08,22500926,1629048.0,Goga,Bitadze,Magic,Bucks,1610612753,1610612749,0,9.5,2.6,21.7,10.3,4.1,0.0,9.3,5.1,3.2,0.0,7.5,3.7,0.4,0.0,1.6,0.8,0.0,0.0,0.0,0.0,0.999,2026-10-03 00:01
2026-03-08,22500929,1629057.0,Robert,Williams III,Trail Blazers,Pacers,1610612757,1610612754,1,20.4,10.9,29.5,17.6,8.2,1.9,14.0,9.3,7.2,2.7,12.1,7.3,1.0,0.0,3.3,1.2,0.0,0.0,0.9,0.4,0.922,2026-10-03 00:01
2026-03-08,22500922,1629060.0,Rui,Hachimura,Lakers,Knicks,1610612747,1610612752,1,24.4,16.2,33.0,25.9,9.1,2.7,16.9,9.6,2.8,0.8,5.1,2.5,1.0,0.0,2.5,1.1,1.4,0.0,3.5,1.7,0.997,2026-10-03 00:01
2026-03-08,22500923,1629130.0,Duncan,Robinson,Pistons,Heat,1610612765,1610612748,0,26.6,18.8,34.4,26.7,10.2,3.1,20.3,11.0,2.2,0.5,4.7,2.4,1.9,0.0,4.1,2.3,2.1,0.0,4.8,2.5,1.009,2026-10-03 00:01
2026-03-08,22500927,1629162.0,Jordan,McLaughlin,Spurs,Rockets,1610612759,1610612745,1,4.7,0.8,17.5,7.0,1.9,0.0,7.8,2.0,0.8,0.0,3.1,0.7,0.7,0.0,2.5,0.7,0.0,0.0,1.5,0.4,0.975,2026-10-03 00:01
2026-03-08,22500930,1629234.0,Drew,Eubanks,Kings,Bulls,1610612758,1610612741,1,16.5,7.5,26.8,10.0,7.3,0.7,15.5,5.1,4.3,0.9,9.1,3.2,0.9,0.0,2.2,0.8,0.0,0.0,0.5,0.0,1.049,2026-10-03 00:01
2026-03-08,22500928,1629312.0,Haywood,Highsmith,Suns,Hornets,1610612756,1610612766,1,8.4,1.0,19.4,20.6,1.5,0.0,7.8,7.3,1.3,0.0,4.3,4.0,0.7,0.0,2.1,1.6,0.5,0.0,2.1,1.5,1.046,2026-10-03 00:01
2026-03-08,22500928,1629599.0,Amir,Coffey,Suns,Hornets,1610612756,1610612766,1,14.8,3.8,24.6,16.8,4.2,0.0,11.1,6.5,1.4,0.0,4.6,2.8,0.8,0.0,2.4,1.2,0.3,0.0,1.9,0.8,1.046,2026-10-03 00:01
2026-03-08,22500929,1629614.0,Andrew,Nembhard,Pacers,Trail Blazers,1610612754,1610612757,0,31.8,23.7,35.8,29.2,14.6,5.9,21.7,15.5,2.8,0.7,5.6,2.2,6.8,2.8,10.4,6.6,1.9,0.0,4.4,2.0,0.861,2026-10-03 00:01
2026-03-08,22500925,1629627.0,Zion,Williamson,Pelicans,Wizards,1610612740,1610612764,1,31.4,23.6,35.4,29.5,19.5,11.2,27.8,21.2,6.0,2.5,10.6,5.1,3.5,1.0,6.4,3.3,0.0,0.0,0.7,0.1,0.908,2026-10-03 00:01
2026-03-08,22500924,1629628.0,RJ,Barrett,Raptors,Mavericks,1610612761,1610612742,1,31.0,23.4,36.7,30.6,17.7,9.2,27.0,16.8,5.7,2.3,9.3,5.9,3.0,0.9,6.1,2.9,1.5,0.0,3.6,1.7,0.975,2026-10-03 00:01
2026-03-08,22500928,1629632.0,Coby,White,Hornets,Suns,1610612766,1610612756,0,22.7,16.6,30.1,24.2,14.5,5.7,25.2,15.5,2.8,0.8,5.8,3.8,3.7,1.0,6.5,4.4,1.1,0.0,3.4,1.7,1.005,2026-10-03 00:01
2026-03-08,22500922,1629637.0,Jaxson,Hayes,Lakers,Knicks,1610612747,1610612752,1,20.4,12.6,29.2,19.0,7.4,2.2,14.5,9.1,4.5,1.5,8.7,4.8,1.0,0.0,2.8,1.4,0.0,0.0,0.4,0.1,0.997,2026-10-03 00:01
2026-03-08,22500923,1629639.0,Tyler,Herro,Heat,Pistons,1610612748,1610612765,1,33.2,24.5,38.2,30.1,20.1,9.3,29.3,22.0,3.6,1.5,6.9,3.7,4.7,1.6,7.2,4.7,2.4,0.4,4.9,2.9,0.959,2026-10-03 00:01
2026-03-08,22500927,1629640.0,Keldon,Johnson,Spurs,Rockets,1610612759,1610612745,1,20.8,14.4,28.3,20.6,10.1,3.8,17.7,10.2,4.0,1.1,7.2,4.0,1.0,0.0,2.5,0.7,0.8,0.0,2.4,0.9,0.975,2026-10-03 00:01
2026-03-08,22500924,1629655.0,Daniel,Gafford,Mavericks,Raptors,1610612742,1610612761,0,21.4,13.9,30.8,21.1,7.5,2.5,13.7,8.4,6.3,2.4,11.1,6.0,1.0,0.0,2.8,1.2,0.0,0.0,0.0,0.0,0.922,2026-10-03 00:01
2026-03-08,22500925,1629673.0,Jordan,Poole,Pelicans,Wizards,1610612740,1610612764,1,11.5,2.6,23.0,19.6,5.2,0.1,13.9,10.0,1.5,0.0,4.7,3.2,1.1,0.0,4.2,2.5,1.1,0.0,3.4,2.2,0.908,2026-10-03 00:01
2026-03-08,22500921,1629674.0,Neemias,Queta,Celtics,Cavaliers,1610612738,1610612739,0,23.1,13.2,28.8,21.8,8.6,3.4,13.9,10.8,7.2,3.1,12.2,8.2,0.9,0.0,2.7,1.1,0.0,0.0,0.0,0.0,0.953,2026-10-03 00:01
2026-03-08,22500929,1629680.0,Matisse,Thybulle,Trail Blazers,Pacers,1610612757,1610612754,1,13.8,4.7,23.6,11.5,4.6,0.0,11.1,4.8,2.3,0.0,4.7,1.7,1.0,0.0,2.7,0.8,1.0,0.0,2.7,1.0,0.922,2026-10-03 00:01
2026-03-08,22500928,1629684.0,Grant,Williams,Hornets,Suns,1610612766,1610612756,0,19.7,14.1,28.0,22.2,6.2,2.1,13.7,9.9,4.0,1.1,7.2,4.7,1.8,0.5,4.1,2.9,1.1,0.0,3.0,2.1,1.005,2026-10-03 00:01
2026-03-08,22500921,1629731.0,Dean,Wade,Cavaliers,Celtics,1610612739,1610612738,1,19.0,11.2,27.3,21.7,3.9,0.3,9.7,6.1,3.4,1.0,6.8,4.6,0.8,0.0,2.7,1.6,1.0,0.0,2.7,1.4,0.934,2026-10-03 00:01
2026-03-08,22500923,1629750.0,Javonte,Green,Pistons,Heat,1610612765,1610612748,0,16.9,9.2,27.6,15.6,5.8,0.2,13.3,5.3,2.9,0.6,6.6,3.3,0.2,0.0,1.8,0.4,0.9,0.0,2.6,0.9,1.009,2026-10-03 00:01
2026-03-08,22500928,1630163.0,LaMelo,Ball,Hornets,Suns,1610612766,1610612756,0,30.6,24.8,35.6,27.6,18.7,10.1,29.0,19.5,4.4,1.7,7.6,4.6,6.5,3.2,10.6,6.7,3.4,0.8,5.8,4.2,1.005,2026-10-03 00:01
2026-03-08,22500930,1630165.0,Killian,Hayes,Kings,Bulls,1610612758,1610612741,1,14.5,7.0,24.2,18.8,3.9,0.0,9.3,6.1,1.5,0.0,4.2,2.1,2.2,0.6,6.4,4.2,0.7,0.0,2.1,1.1,1.049,2026-10-03 00:01
2026-03-08,22500929,1630166.0,Deni,Avdija,Trail Blazers,Pacers,1610612757,1610612754,1,22.4,6.0,29.8,26.5,14.6,2.7,24.2,17.5,4.4,0.3,9.5,6.3,3.9,1.5,7.6,5.2,0.7,0.0,2.5,1.3,0.922,2026-10-03 00:01
2026-03-08,22500929,1630167.0,Obi,Toppin,Pacers,Trail Blazers,1610612754,1610612757,0,14.6,5.2,23.5,18.5,5.3,0.2,11.3,8.3,3.3,0.8,6.7,4.5,0.8,0.0,2.6,1.5,0.8,0.0,2.3,0.8,0.861,2026-10-03 00:01
2026-03-08,22500929,1630169.0,Tyrese,Haliburton,Pacers,Trail Blazers,1610612754,1610612757,0,22.0,11.5,32.6,31.4,8.7,3.3,16.8,15.9,3.3,1.1,7.0,5.2,4.7,2.3,8.3,7.5,1.4,0.0,3.7,2.3,0.861,2026-10-03 00:01
2026-03-08,22500927,1630170.0,Devin,Vassell,Spurs,Rockets,1610612759,1610612745,1,30.3,23.7,36.6,29.1,12.5,4.7,21.5,15.0,3.5,1.0,6.5,4.2,2.2,0.6,4.5,2.8,2.2,0.4,4.7,3.3,0.975,2026-10-03 00:01
2026-03-08,22500930,1630171.0,Isaac,Okoro,Bulls,Kings,1610612741,1610612758,0,31.0,24.4,37.2,32.0,9.9,3.7,18.9,10.2,2.9,0.9,6.0,3.3,2.2,0.0,4.9,2.2,1.1,0.0,3.2,1.4,0.957,2026-10-03 00:01
2026-03-08,22500930,1630172.0,Patrick,Williams,Bulls,Kings,1610612741,1610612758,0,21.3,14.9,31.7,24.6,9.1,2.3,18.0,9.5,2.7,0.9,6.2,3.4,1.8,0.4,4.3,2.6,1.4,0.0,3.6,1.8,0.957,2026-10-03 00:01
2026-03-08,22500930,1630173.0,Precious,Achiuwa,Kings,Bulls,1610612758,1610612741,1,31.5,22.1,37.7,29.2,14.0,7.4,23.0,15.4,8.6,4.0,13.6,8.5,2.1,0.0,4.1,1.8,0.3,0.0,1.8,0.5,1.049,2026-10-03 00:01
2026-03-08,22500929,1630174.0,Aaron,Nesmith,Pacers,Trail Blazers,1610612754,1610612757,0,24.0,16.0,33.1,27.1,7.9,1.0,16.5,11.4,3.4,0.6,6.4,3.1,1.5,0.0,3.3,1.7,1.0,0.0,3.0,1.7,0.861,2026-10-03 00:01
2026-03-08,22500925,1630180.0,Saddiq,Bey,Pelicans,Wizards,1610612740,1610612764,1,32.9,26.2,37.5,33.5,18.8,10.6,28.4,21.1,5.4,2.4,9.1,5.3,2.6,0.8,5.4,2.8,2.1,0.5,5.0,2.7,0.908,2026-10-03 00:01
2026-03-08,22500928,1630182.0,Josh,Green,Hornets,Suns,1610612766,1610612756,0,17.2,9.9,24.2,18.6,4.5,0.0,10.0,6.4,2.1,0.0,4.4,2.2,0.9,0.0,2.2,0.8,1.0,0.0,2.4,1.3,1.005,2026-10-03 00:01
2026-03-08,22500930,1630188.0,Jalen,Smith,Bulls,Kings,1610612741,1610612758,0,22.2,12.8,28.9,24.4,10.7,2.9,17.9,13.3,6.1,2.1,10.6,7.2,0.9,0.0,2.4,1.0,1.3,0.0,3.4,2.1,0.957,2026-10-03 00:01
2026-03-08,22500923,1630191.0,Isaiah,Stewart,Pistons,Heat,1610612765,1610612748,0,21.5,11.2,28.8,22.3,7.4,2.2,15.6,9.8,3.6,0.8,7.1,3.0,1.0,0.0,2.5,1.1,0.1,0.0,1.7,0.5,1.009,2026-10-03 00:01
2026-03-08,22500924,1630193.0,Immanuel,Quickley,Raptors,Mavericks,1610612761,1610612742,1,31.9,25.5,37.2,32.2,17.2,9.1,26.3,19.6,3.4,1.1,6.0,2.8,6.1,2.8,9.7,6.2,2.4,0.5,4.7,2.9,0.975,2026-10-03 00:01
2026-03-08,22500923,1630194.0,Paul,Reed,Pistons,Heat,1610612765,1610612748,0,13.5,4.0,25.0,19.5,8.3,0.8,16.8,11.2,4.5,0.6,9.5,5.7,0.7,0.0,2.6,1.1,0.0,0.0,0.9,0.3,1.009,2026-10-03 00:01
2026-03-08,22500930,1630200.0,Tre,Jones,Bulls,Kings,1610612741,1610612758,0,26.8,18.7,33.9,25.0,12.1,3.9,21.0,12.5,3.0,1.0,5.8,3.1,5.6,1.9,9.9,5.0,1.0,0.0,2.6,0.8,0.957,2026-10-03 00:01
2026-03-08,22500921,1630202.0,Payton,Pritchard,Celtics,Cavaliers,1610612738,1610612739,0,31.3,24.6,36.4,31.1,14.9,6.8,23.4,15.8,3.6,1.0,6.3,4.0,5.1,2.3,8.5,5.6,2.2,0.4,4.8,2.7,0.953,2026-10-03 00:01
2026-03-08,22500930,1630208.0,Nick,Richards,Bulls,Kings,1610612741,1610612758,0,25.0,16.3,33.0,22.8,10.0,3.5,18.3,8.9,9.1,3.7,14.5,7.9,0.8,0.0,2.5,0.3,0.0,0.0,1.2,0.1,0.957,2026-10-03 00:01
2026-03-08,22500928,1630214.0,Xavier,Tillman,Hornets,Suns,1610612766,1610612756,0,3.9,0.9,11.9,2.5,0.7,0.0,4.1,0.2,1.0,0.0,2.8,0.5,0.0,0.0,1.0,0.0,0.0,0.0,0.3,0.0,1.005,2026-10-03 00:01
2026-03-08,22500926,1630217.0,Desmond,Bane,Magic,Bucks,1610612753,1610612749,0,34.6,26.9,39.6,35.6,21.8,12.4,30.9,25.6,4.1,1.4,6.7,3.9,4.0,1.3,7.0,3.9,2.5,0.6,5.2,3.3,0.999,2026-10-03 00:01
2026-03-08,22500928,1630224.0,Jalen,Green,Suns,Hornets,1610612756,1610612766,1,28.6,20.9,35.1,26.3,16.0,7.3,26.5,15.4,3.5,1.0,6.9,3.6,2.3,0.2,5.2,2.4,1.6,0.0,3.8,1.7,1.046,2026-10-03 00:01
2026-03-08,22500924,1630230.0,Naji,Marshall,Mavericks,Raptors,1610612742,1610612761,0,29.9,18.1,35.8,30.0,15.8,6.8,22.9,16.8,4.0,1.1,7.5,3.8,3.0,1.1,6.3,3.9,0.4,0.0,2.0,0.4,0.922,2026-10-03 00:01
2026-03-08,22500921,1630241.0,Sam,Merrill,Cavaliers,Celtics,1610612739,1610612738,1,26.6,18.1,32.6,26.8,10.2,2.7,19.0,13.2,2.3,0.4,4.6,2.3,1.8,0.0,3.7,1.7,2.6,0.4,4.8,3.4,0.934,2026-10-03 00:01
2026-03-08,22500929,1630249.0,Vit,Krejci,Trail Blazers,Pacers,1610612757,1610612754,1,21.3,13.4,30.8,21.0,7.6,1.4,15.1,8.2,2.4,0.8,5.3,3.3,1.3,0.0,3.9,1.6,1.1,0.0,3.4,1.6,0.922,2026-10-03 00:01
2026-03-08,22500925,1630264.0,Anthony,Gill,Wizards,Pelicans,1610612764,1610612740,0,29.0,18.3,35.7,27.7,8.9,2.2,15.0,9.0,4.9,1.5,9.5,4.6,2.0,0.6,4.8,2.8,0.2,0.0,1.6,0.4,0.971,2026-10-03 00:01
2026-03-08,22500924,1630314.0,Brandon,Williams,Mavericks,Raptors,1610612742,1610612761,0,21.8,15.3,30.4,23.8,11.6,5.0,20.3,14.4,2.7,0.8,5.4,3.5,3.8,1.1,7.1,4.6,0.8,0.0,2.4,0.8,0.922,2026-10-03 00:01
2026-03-08,22500927,1630322.0,Lindy,Waters III,Spurs,Rockets,1610612759,1610612745,1,4.3,1.2,15.2,5.4,1.2,0.0,7.0,1.9,0.5,0.0,2.6,0.2,0.0,0.0,1.9,0.2,0.4,0.0,2.0,0.5,0.975,2026-10-03 00:01
2026-03-08,22500925,1630529.0,Herbert,Jones,Pelicans,Wizards,1610612740,1610612764,1,29.5,22.1,35.9,29.7,8.7,2.9,16.1,8.9,3.2,1.1,6.7,3.6,3.1,1.0,6.2,3.5,1.0,0.0,3.3,1.3,0.908,2026-10-03 00:01
2026-03-08,22500925,1630530.0,Trey,Murphy III,Pelicans,Wizards,1610612740,1610612764,1,33.1,26.9,38.7,34.3,20.3,11.6,28.6,23.6,4.7,2.0,7.9,4.7,4.1,1.6,6.9,4.5,3.4,1.0,6.0,4.6,0.908,2026-10-03 00:01
2026-03-08,22500925,1630536.0,Sharife,Cooper,Wizards,Pelicans,1610612764,1610612740,0,15.3,5.5,24.7,18.5,7.1,0.5,14.6,9.6,1.5,0.0,4.5,2.3,2.1,0.1,5.3,3.2,0.5,0.0,1.8,0.8,0.971,2026-10-03 00:01
2026-03-08,22500928,1630544.0,Tre,Mann,Hornets,Suns,1610612766,1610612756,0,7.2,1.1,19.4,10.5,2.4,0.0,9.1,3.5,0.9,0.0,3.4,1.5,0.8,0.0,2.9,1.1,0.1,0.0,1.7,0.6,1.005,2026-10-03 00:01
2026-03-08,22500925,1630551.0,Justin,Champagnie,Wizards,Pelicans,1610612764,1610612740,0,19.6,8.1,26.7,20.1,9.3,1.9,16.2,12.5,4.9,1.2,8.7,5.7,1.0,0.0,2.8,1.3,0.9,0.0,2.3,1.4,0.971,2026-10-03 00:01
2026-03-08,22500923,1630558.0,Davion,Mitchell,Heat,Pistons,1610612748,1610612765,1,26.4,17.6,31.6,26.1,6.8,1.7,13.5,7.7,2.6,0.8,4.8,2.8,5.1,1.9,8.5,5.0,1.2,0.0,3.1,1.5,0.959,2026-10-03 00:01
2026-03-08,22500922,1630559.0,Austin,Reaves,Lakers,Knicks,1610612747,1610612752,1,31.6,24.5,37.7,32.1,18.7,8.7,27.4,17.4,4.0,1.5,7.5,3.8,4.3,1.5,6.8,3.8,1.7,0.0,3.9,1.8,0.997,2026-10-03 00:01
2026-03-08,22500926,1630560.0,Cam,Thomas,Bucks,Magic,1610612749,1610612753,1,15.5,6.2,24.5,16.6,10.8,1.9,19.6,10.5,1.2,0.0,3.9,1.8,1.3,0.0,3.9,1.6,0.4,0.0,2.0,0.7,1.114,2026-10-03 00:01
2026-03-08,22500924,1630567.0,Scottie,Barnes,Raptors,Mavericks,1610612761,1610612742,1,32.7,25.0,38.1,32.8,18.4,9.5,25.5,16.9,7.2,2.9,11.9,6.3,5.5,1.8,8.6,4.8,0.1,0.0,1.6,0.5,0.975,2026-10-03 00:01
2026-03-08,22500921,1630568.0,Luka,Garza,Celtics,Cavaliers,1610612738,1610612739,0,14.2,5.7,23.8,9.4,5.0,0.2,12.8,4.2,3.2,0.7,6.9,2.7,0.9,0.0,2.4,0.4,0.5,0.0,2.0,0.5,0.953,2026-10-03 00:01
2026-03-08,22500924,1630572.0,Sandro,Mamukelashvili,Raptors,Mavericks,1610612761,1610612742,1,19.1,11.9,28.8,18.6,8.9,2.4,16.7,9.0,3.9,1.0,7.4,3.6,1.0,0.0,3.4,1.0,1.0,0.0,3.0,1.4,0.975,2026-10-03 00:01
2026-03-08,22500921,1630573.0,Sam,Hauser,Celtics,Cavaliers,1610612738,1610612739,0,24.4,16.9,32.9,26.2,8.4,2.2,17.4,10.0,3.4,0.9,6.5,4.1,1.6,0.0,3.2,1.8,2.0,0.0,4.4,2.6,0.953,2026-10-03 00:01
2026-03-08,22500922,1630574.0,Ariel,Hukporti,Knicks,Lakers,1610612752,1610612747,0,6.7,1.9,17.5,7.5,1.5,0.0,6.0,1.7,1.9,0.0,5.6,2.4,0.0,0.0,1.3,0.3,0.0,0.0,0.2,0.0,0.992,2026-10-03 00:01
2026-03-08,22500927,1630577.0,Julian,Champagnie,Spurs,Rockets,1610612759,1610612745,1,26.9,19.6,34.0,26.1,9.4,3.2,17.4,11.8,5.0,2.1,8.7,5.4,1.4,0.0,3.0,1.8,2.2,0.0,4.3,2.8,0.975,2026-10-03 00:01
2026-03-08,22500927,1630578.0,Alperen,Sengun,Rockets,Spurs,1610612745,1610612759,0,33.5,25.9,38.5,32.5,19.2,10.7,28.4,19.3,8.0,3.9,12.5,7.7,5.4,2.4,9.1,5.8,0.0,0.0,1.6,0.3,0.968,2026-10-03 00:01
2026-03-08,22500926,1630579.0,Jericho,Sims,Bucks,Magic,1610612749,1610612753,1,24.9,15.6,33.2,24.0,6.0,0.8,11.1,5.2,7.5,3.2,11.8,7.6,1.7,0.0,4.2,2.0,0.0,0.0,0.0,0.0,1.114,2026-10-03 00:01
2026-03-08,22500930,1630581.0,Josh,Giddey,Bulls,Kings,1610612741,1610612758,0,25.1,16.1,33.0,26.9,11.7,4.1,20.5,12.8,5.2,1.6,10.1,6.1,6.4,2.2,11.3,7.1,1.2,0.0,3.1,1.8,0.957,2026-10-03 00:01
2026-03-08,22500928,1630587.0,Isaiah,Livers,Suns,Hornets,1610612756,1610612766,1,6.4,1.1,19.6,9.9,1.5,0.0,7.1,2.0,1.0,0.0,3.5,1.7,0.2,0.0,1.6,0.7,0.0,0.0,1.3,0.2,1.046,2026-10-03 00:01
2026-03-08,22500926,1630591.0,Jalen,Suggs,Magic,Bucks,1610612753,1610612749,0,28.8,21.0,34.0,27.0,12.2,5.1,22.9,11.7,3.9,1.1,6.9,3.8,6.4,2.6,9.8,6.4,2.0,0.0,4.2,2.4,0.999,2026-10-03 00:01
2026-03-08,22500923,1630595.0,Cade,Cunningham,Pistons,Heat,1610612765,1610612748,0,35.8,28.4,40.2,35.9,25.5,15.4,36.2,25.6,5.8,3.0,10.0,6.9,9.9,5.0,13.7,10.5,2.0,0.4,4.6,2.7,1.009,2026-10-03 00:01
2026-03-08,22500921,1630596.0,Evan,Mobley,Cavaliers,Celtics,1610612739,1610612738,1,31.0,23.8,34.9,30.1,14.7,7.7,21.2,17.1,7.8,4.4,11.7,9.1,2.4,0.3,5.3,2.3,1.0,0.0,2.5,1.0,0.934,2026-10-03 00:01
2026-03-08,22500922,1630631.0,Jose,Alvarado,Knicks,Lakers,1610612752,1610612747,0,14.7,8.3,23.4,17.4,5.1,0.1,12.2,7.1,1.4,0.1,3.5,2.5,2.3,0.5,5.6,3.8,1.0,0.0,2.7,1.3,0.992,2026-10-03 00:01
2026-03-08,22500929,1630643.0,Jay,Huff,Pacers,Trail Blazers,1610612754,1610612757,0,29.1,19.8,35.3,25.4,11.4,4.1,17.0,12.6,5.2,1.2,9.0,3.9,1.8,0.0,3.7,1.8,1.4,0.0,3.3,1.5,0.861,2026-10-03 00:01
2026-03-08,22500929,1630679.0,Ethan,Thompson,Pacers,Trail Blazers,1610612754,1610612757,0,15.0,3.5,28.0,12.4,4.8,0.0,11.7,4.3,1.9,0.0,5.1,1.5,1.2,0.0,3.2,1.0,1.0,0.0,2.5,0.6,0.861,2026-10-03 00:01
2026-03-08,22500929,1630695.0,Micah,Potter,Pacers,Trail Blazers,1610612754,1610612757,0,21.2,13.5,29.9,24.0,9.5,2.7,15.4,14.1,4.5,2.0,9.6,5.9,1.4,0.0,3.8,1.9,1.3,0.0,3.2,2.1,0.861,2026-10-03 00:01
2026-03-08,22500923,1630696.0,Dru,Smith,Heat,Pistons,1610612748,1610612765,1,14.7,6.4,24.7,13.6,4.1,0.0,10.1,3.3,2.6,0.1,5.1,2.4,1.9,0.0,4.6,1.7,0.0,0.0,1.4,0.2,0.959,2026-10-03 00:01
2026-03-08,22500925,1630702.0,Jaden,Hardy,Wizards,Pelicans,1610612764,1610612740,0,17.6,7.7,26.2,17.4,10.0,1.1,18.8,10.8,1.7,0.0,4.3,1.9,0.5,0.0,2.8,0.6,1.1,0.0,3.3,1.8,0.971,2026-10-03 00:01
2026-03-08,22500929,1630703.0,Scoot,Henderson,Trail Blazers,Pacers,1610612757,1610612754,1,21.4,14.2,31.2,23.1,9.8,3.6,19.6,11.7,2.6,0.7,4.9,2.7,3.9,1.1,7.5,3.6,1.1,0.0,3.2,1.3,0.922,2026-10-03 00:01
2026-03-08,22500926,1631094.0,Paolo,Banchero,Magic,Bucks,1610612753,1610612749,0,36.2,29.1,40.3,36.9,24.3,14.4,32.5,24.6,8.3,4.4,12.5,9.1,5.3,2.4,8.4,5.6,1.0,0.0,3.1,1.3,0.999,2026-10-03 00:01
2026-03-08,22500927,1631095.0,Jabari,Smith Jr.,Rockets,Spurs,1610612745,1610612759,0,32.2,22.0,38.9,35.2,11.2,4.8,19.9,16.3,6.1,2.1,9.7,7.3,1.2,0.0,3.1,1.3,1.8,0.0,3.3,2.1,0.968,2026-10-03 00:01
2026-03-08,22500929,1631101.0,Shaedon,Sharpe,Trail Blazers,Pacers,1610612757,1610612754,1,25.0,10.6,33.2,30.2,16.9,2.5,24.6,20.7,2.9,0.2,6.5,4.1,1.8,0.1,3.9,2.5,1.8,0.1,4.6,2.7,0.922,2026-10-03 00:01
2026-03-08,22500929,1631104.0,Blake,Wesley,Trail Blazers,Pacers,1610612757,1610612754,1,14.5,5.8,23.4,12.6,5.2,0.2,11.5,5.1,1.4,0.0,3.7,0.9,2.4,0.0,5.6,2.1,0.3,0.0,1.9,0.3,0.922,2026-10-03 00:01
2026-03-08,22500923,1631105.0,Jalen,Duren,Pistons,Heat,1610612765,1610612748,0,28.6,21.1,35.2,26.6,19.3,9.3,26.3,19.6,10.5,5.6,15.7,11.1,1.7,0.0,3.7,1.6,0.0,0.0,0.0,0.0,1.009,2026-10-03 00:01
2026-03-08,22500927,1631106.0,Tari,Eason,Rockets,Spurs,1610612745,1610612759,0,29.0,21.6,36.5,30.4,9.9,3.2,18.2,8.3,6.2,2.3,10.4,6.4,1.9,0.0,3.7,2.4,1.0,0.0,3.3,0.9,0.968,2026-10-03 00:01
2026-03-08,22500923,1631107.0,Nikola,Jovic,Heat,Pistons,1610612748,1610612765,1,6.5,1.3,17.9,12.4,2.5,0.0,9.7,4.2,1.1,0.0,4.1,2.2,0.5,0.0,2.0,0.7,0.0,0.0,1.6,0.4,0.959,2026-10-03 00:01
2026-03-08,22500924,1631108.0,Max,Christie,Mavericks,Raptors,1610612742,1610612761,0,30.7,22.3,36.8,30.0,11.5,4.5,20.2,11.7,3.2,1.0,6.3,4.0,2.0,0.1,4.7,1.9,2.0,0.0,4.5,1.9,0.922,2026-10-03 00:01
2026-03-08,22500922,1631110.0,Jeremy,Sochan,Knicks,Lakers,1610612752,1610612747,0,7.5,2.2,18.0,5.2,2.1,0.0,6.2,0.9,1.4,0.0,4.1,1.1,0.3,0.0,1.9,0.5,0.0,0.0,0.4,0.0,0.992,2026-10-03 00:01
2026-03-08,22500930,1631116.0,Patrick,Baldwin Jr.,Kings,Bulls,1610612758,1610612741,1,10.4,3.3,19.4,6.9,2.9,0.0,10.0,2.8,2.1,0.0,5.9,1.8,0.2,0.0,1.9,0.3,0.3,0.0,2.0,0.6,1.049,2026-10-03 00:01
2026-03-08,22500925,1631121.0,Bryce,McGowens,Pelicans,Wizards,1610612740,1610612764,1,20.8,11.9,30.1,24.1,7.7,1.3,14.8,9.6,2.1,0.4,4.2,2.6,1.0,0.0,3.6,1.4,1.0,0.0,2.9,1.0,0.908,2026-10-03 00:01
2026-03-08,22500928,1631123.0,Jamaree,Bouyea,Suns,Hornets,1610612756,1610612766,1,9.9,2.0,21.8,15.1,3.4,0.0,10.1,4.0,1.1,0.0,3.7,1.8,1.2,0.0,3.9,2.1,0.0,0.0,1.1,0.2,1.046,2026-10-03 00:01
2026-03-08,22500929,1631126.0,Caleb,Love,Trail Blazers,Pacers,1610612757,1610612754,1,20.0,12.1,29.6,23.1,10.0,2.9,17.8,11.5,1.9,0.2,4.5,2.0,2.7,0.3,6.1,3.1,1.5,0.0,4.0,1.9,0.922,2026-10-03 00:01
2026-03-08,22500926,1631157.0,Ryan,Rollins,Bucks,Magic,1610612749,1610612753,1,34.2,26.9,39.2,33.5,18.5,9.3,28.8,15.6,5.2,2.0,8.7,5.7,5.5,2.4,9.0,5.7,2.1,0.2,4.7,2.5,1.114,2026-10-03 00:01
2026-03-08,22500930,1631159.0,Leonard,Miller,Bulls,Kings,1610612741,1610612758,0,19.5,10.2,29.8,11.9,7.6,0.3,15.1,5.2,4.4,1.1,8.9,2.7,1.1,0.0,2.9,0.7,0.9,0.0,2.4,0.6,0.957,2026-10-03 00:01
2026-03-08,22500921,1631165.0,Keon,Ellis,Cavaliers,Celtics,1610612739,1610612738,1,20.8,12.7,28.8,23.1,4.5,1.0,12.3,6.3,2.2,0.8,5.0,2.9,1.0,0.0,3.1,2.1,1.0,0.0,2.7,0.9,0.934,2026-10-03 00:01
2026-03-08,22500922,1631166.0,Drew,Timme,Lakers,Knicks,1610612747,1610612752,1,15.2,3.9,24.6,9.7,4.2,0.0,10.9,3.0,1.8,0.0,4.2,1.3,1.0,0.0,2.8,0.7,0.3,0.0,1.7,0.2,0.997,2026-10-03 00:01
2026-03-08,22500923,1631170.0,Jaime,Jaquez Jr.,Heat,Pistons,1610612748,1610612765,1,28.6,22.7,34.6,28.1,14.9,6.6,23.1,15.5,4.9,1.8,8.2,4.5,4.2,1.4,7.3,3.8,1.0,0.0,2.8,0.9,0.959,2026-10-03 00:01
2026-03-08,22500926,1631172.0,Ousmane,Dieng,Bucks,Magic,1610612749,1610612753,1,26.2,16.0,34.2,23.0,11.4,3.1,19.8,9.0,4.0,1.1,7.2,4.1,2.2,0.6,5.1,2.6,1.4,0.0,3.4,1.7,1.114,2026-10-03 00:01
2026-03-08,22500921,1631199.0,Ron,Harper Jr.,Celtics,Cavaliers,1610612738,1610612739,0,7.2,0.8,20.1,12.3,1.5,0.0,7.7,3.1,0.9,0.0,3.3,1.6,0.0,0.0,1.4,0.5,0.3,0.0,2.3,0.8,0.953,2026-10-03 00:01
2026-03-08,22500929,1631200.0,Kris,Murray,Trail Blazers,Pacers,1610612757,1610612754,1,14.2,2.0,27.4,21.3,3.7,0.0,9.9,6.7,1.9,0.0,5.4,3.0,0.8,0.0,2.5,1.2,0.0,0.0,1.4,0.6,0.922,2026-10-03 00:01
2026-03-08,22500923,1631204.0,Marcus,Sasser,Pistons,Heat,1610612765,1610612748,0,20.5,6.5,33.4,11.3,7.4,0.0,18.6,4.2,1.7,0.0,4.0,0.7,2.9,0.0,6.6,2.0,1.0,0.0,3.8,0.8,1.009,2026-10-03 00:01
2026-03-08,22500923,1631211.0,Trevor,Keels,Heat,Pistons,1610612748,1610612765,1,3.2,0.6,10.6,,1.8,0.0,5.5,,0.6,0.0,2.1,,0.0,0.0,1.3,,0.0,0.0,1.5,,0.959,2026-10-03 00:01
2026-03-08,22500928,1631217.0,Moussa,Diabate,Hornets,Suns,1610612766,1610612756,0,28.4,20.9,35.9,28.3,8.2,3.1,14.2,7.8,9.4,4.9,14.2,10.2,1.8,0.6,4.2,2.9,0.0,0.0,0.0,0.0,1.005,2026-10-03 00:01
2026-03-08,22500924,1631218.0,Trayce,Jackson-Davis,Raptors,Mavericks,1610612761,1610612742,1,5.4,0.9,16.1,6.0,2.3,0.0,7.0,2.4,1.5,0.0,5.8,2.4,0.1,0.0,1.3,0.4,0.0,0.0,0.6,0.0,0.975,2026-10-03 00:01
2026-03-08,22500928,1631221.0,Collin,Gillespie,Suns,Hornets,1610612756,1610612766,1,30.6,24.1,36.7,30.7,13.9,5.1,22.8,12.6,3.9,1.1,7.1,4.2,4.8,2.3,7.9,5.4,2.9,0.6,5.2,3.1,1.046,2026-10-03 00:01
2026-03-08,22500922,1631222.0,Jake,LaRavia,Lakers,Knicks,1610612747,1610612752,1,18.0,10.7,26.1,19.5,5.4,0.6,12.0,6.6,2.6,0.7,5.7,3.0,1.0,0.0,3.0,1.3,0.7,0.0,1.9,0.7,0.997,2026-10-03 00:01
2026-03-08,22500929,1631245.0,Quenton,Jackson,Pacers,Trail Blazers,1610612754,1610612757,0,20.7,14.1,30.1,22.4,9.2,2.9,16.2,13.3,2.4,0.8,5.6,2.9,2.6,0.6,5.3,3.1,1.0,0.0,3.1,1.5,0.861,2026-10-03 00:01
2026-03-08,22500921,1631248.0,Baylor,Scheierman,Celtics,Cavaliers,1610612738,1610612739,0,23.8,15.5,32.6,26.1,7.0,1.5,13.9,8.8,4.0,1.3,7.5,4.6,1.9,0.0,3.9,2.2,1.1,0.0,3.3,1.6,0.953,2026-10-03 00:01
2026-03-08,22500926,1631250.0,Pete,Nance,Bucks,Magic,1610612749,1610612753,1,13.9,6.3,23.6,11.5,5.4,0.0,12.2,4.0,2.3,0.1,5.2,2.0,0.5,0.0,2.1,0.5,1.0,0.0,2.5,1.0,1.114,2026-10-03 00:01
2026-03-08,22500925,1631255.0,Karlo,Matkovic,Pelicans,Wizards,1610612740,1610612764,1,16.5,8.7,24.9,19.5,5.5,1.0,12.6,8.4,4.4,1.4,8.6,5.4,1.0,0.0,3.0,1.5,0.9,0.0,2.2,1.0,0.908,2026-10-03 00:01
2026-03-08,22500926,1631260.0,AJ,Green,Bucks,Magic,1610612749,1610612753,1,26.1,17.8,34.7,27.9,9.5,2.2,17.7,7.7,2.0,0.2,4.2,2.0,1.2,0.0,3.2,1.7,1.8,0.0,4.2,2.2,1.114,2026-10-03 00:01
2026-03-08,22500926,1631288.0,Jamal,Cain,Magic,Bucks,1610612753,1610612749,0,4.0,1.1,16.9,3.6,2.1,0.0,7.6,0.8,0.5,0.0,2.4,0.4,0.0,0.0,2.2,0.4,0.0,0.0,1.8,0.2,0.999,2026-10-03 00:01
2026-03-08,22500929,1631321.0,Sidy,Cissoko,Trail Blazers,Pacers,1610612757,1610612754,1,16.3,8.0,26.9,17.2,3.9,0.0,9.7,2.6,2.1,0.0,4.4,1.9,1.1,0.0,3.5,1.1,0.2,0.0,2.0,0.2,0.922,2026-10-03 00:01
2026-03-08,22500923,1631323.0,Simone,Fontecchio,Heat,Pistons,1610612748,1610612765,1,11.7,2.8,24.2,15.9,4.5,0.0,12.4,7.4,1.5,0.0,4.7,2.6,0.8,0.0,2.5,1.1,0.8,0.0,3.0,1.2,0.959,2026-10-03 00:01
2026-03-08,22500930,1631342.0,Daeqwon,Plowden,Kings,Bulls,1610612758,1610612741,1,20.0,12.0,29.3,22.6,6.5,1.5,15.0,7.5,2.7,0.7,5.9,3.0,1.0,0.0,2.9,1.2,1.0,0.0,2.9,1.2,1.049,2026-10-03 00:01
2026-03-08,22500927,1641705.0,Victor,Wembanyama,Spurs,Rockets,1610612759,1610612745,1,31.2,22.1,36.2,29.6,21.9,11.3,31.7,21.6,10.6,6.3,15.4,11.5,3.0,1.0,5.6,3.6,1.2,0.0,3.1,1.7,0.975,2026-10-03 00:01
2026-03-08,22500928,1641706.0,Brandon,Miller,Hornets,Suns,1610612766,1610612756,0,31.5,24.0,37.0,28.3,21.3,12.4,31.7,22.7,5.4,2.2,8.9,6.2,3.2,1.2,6.4,3.6,3.1,0.8,5.0,3.9,1.005,2026-10-03 00:01
2026-03-08,22500927,1641708.0,Amen,Thompson,Rockets,Spurs,1610612745,1610612759,0,35.5,28.0,41.5,36.5,14.9,7.5,22.4,16.4,7.2,3.4,11.6,8.1,4.4,1.4,7.8,4.1,0.0,0.0,1.2,0.3,0.968,2026-10-03 00:01
2026-03-08,22500924,1641711.0,Gradey,Dick,Raptors,Mavericks,1610612761,1610612742,1,6.1,1.4,19.8,10.1,3.1,0.0,9.7,3.6,1.0,0.0,4.1,2.0,0.1,0.0,1.9,0.5,0.0,0.0,1.4,0.2,0.975,2026-10-03 00:01
2026-03-08,22500929,1641716.0,Jarace,Walker,Pacers,Trail Blazers,1610612754,1610612757,0,30.6,23.2,35.7,29.9,13.0,5.6,20.8,15.7,6.8,3.5,11.0,7.9,3.4,1.2,6.7,4.3,1.9,0.0,4.0,2.0,0.861,2026-10-03 00:01
2026-03-08,22500925,1641722.0,Jordan,Hawkins,Pelicans,Wizards,1610612740,1610612764,1,5.5,1.0,18.4,8.6,2.9,0.0,8.0,2.2,0.9,0.0,2.8,1.4,0.0,0.0,1.7,0.6,0.0,0.0,2.1,0.5,0.908,2026-10-03 00:01
2026-03-08,22500922,1641723.0,Kobe,Bufkin,Lakers,Knicks,1610612747,1610612752,1,4.2,0.6,15.7,8.6,1.8,0.0,7.6,3.1,0.6,0.0,2.5,0.9,-0.0,0.0,1.7,0.5,0.0,0.0,1.3,0.3,0.997,2026-10-03 00:01
2026-03-08,22500926,1641724.0,Jett,Howard,Magic,Bucks,1610612753,1610612749,0,18.9,7.5,29.9,13.9,6.7,0.1,14.6,5.1,2.4,0.0,5.5,2.0,1.0,0.0,3.0,0.8,1.0,0.0,3.0,0.6,0.999,2026-10-03 00:01
2026-03-08,22500925,1641731.0,Bilal,Coulibaly,Wizards,Pelicans,1610612764,1610612740,0,28.5,19.3,35.6,23.9,12.5,4.9,21.1,13.3,4.3,1.1,7.8,3.5,2.3,0.4,5.4,2.5,1.0,0.0,2.9,1.5,0.971,2026-10-03 00:01
2026-03-08,22500929,1641738.0,Kobe,Brown,Pacers,Trail Blazers,1610612754,1610612757,0,20.8,10.2,30.5,24.6,6.2,0.6,12.4,8.8,4.1,1.4,8.3,5.3,1.0,0.0,3.2,1.3,0.9,0.0,2.7,1.1,0.861,2026-10-03 00:01
2026-03-08,22500929,1641739.0,Toumani,Camara,Trail Blazers,Pacers,1610612757,1610612754,1,33.8,25.2,39.0,34.1,12.1,5.2,21.0,11.8,4.8,2.2,9.1,5.7,2.3,0.3,5.1,2.4,2.1,0.1,4.8,2.2,0.922,2026-10-03 00:01
2026-03-08,22500926,1641748.0,Andre,Jackson Jr.,Bucks,Magic,1610612749,1610612753,1,6.2,1.1,16.0,5.0,2.1,0.0,8.2,0.6,1.0,0.0,4.5,1.5,0.4,0.0,2.2,0.6,0.0,0.0,1.3,0.0,1.114,2026-10-03 00:01
2026-03-08,22500928,1641750.0,Ryan,Kalkbrenner,Hornets,Suns,1610612766,1610612756,0,18.0,10.3,23.9,19.5,5.3,0.9,10.6,5.9,4.5,1.7,8.3,5.4,0.9,0.0,2.2,1.4,0.0,0.0,0.0,0.0,1.005,2026-10-03 00:01
2026-03-08,22500923,1641752.0,Bobi,Klintman,Pistons,Heat,1610612765,1610612748,0,4.5,1.4,16.9,6.2,1.6,0.0,6.6,1.7,1.2,0.0,4.1,1.8,0.0,0.0,1.0,0.4,0.0,0.0,1.2,0.3,1.009,2026-10-03 00:01
2026-03-08,22500922,1641755.0,Kevin,McCullar Jr.,Knicks,Lakers,1610612752,1610612747,0,3.6,1.0,14.8,5.6,0.8,0.0,5.1,1.0,0.6,0.0,1.9,0.7,0.4,0.0,1.9,0.8,0.0,0.0,1.0,0.0,0.992,2026-10-03 00:01
2026-03-08,22500929,1641767.0,Ben,Sheppard,Pacers,Trail Blazers,1610612754,1610612757,0,23.8,17.1,32.1,23.1,6.7,2.1,14.0,9.6,3.0,1.0,6.6,3.2,2.0,0.0,4.5,2.2,1.2,0.0,3.5,1.7,0.861,2026-10-03 00:01
2026-03-08,22500929,1641771.0,Jalen,Slawson,Pacers,Trail Blazers,1610612754,1610612757,0,4.9,1.5,18.5,3.4,1.4,0.0,5.8,0.9,0.9,0.0,3.8,0.8,0.1,0.0,1.8,0.2,0.0,0.0,0.7,0.0,0.861,2026-10-03 00:01
2026-03-08,22500921,1641772.0,Nae'Qwan,Tomlin,Cavaliers,Celtics,1610612739,1610612738,1,8.4,2.0,18.2,11.6,2.2,0.0,8.4,3.3,1.1,0.0,3.9,2.1,0.1,0.0,1.6,0.5,0.0,0.0,1.3,0.3,0.934,2026-10-03 00:01
2026-03-08,22500921,1641775.0,Jordan,Walsh,Celtics,Cavaliers,1610612738,1610612739,0,10.9,3.0,20.8,13.8,2.3,0.0,8.3,4.6,2.5,0.3,6.1,3.8,0.0,0.0,1.4,0.4,0.0,0.0,1.8,0.7,0.953,2026-10-03 00:01
2026-03-08,22500925,1641778.0,Leaky,Black,Wizards,Pelicans,1610612764,1610612740,0,28.7,17.3,36.8,23.3,7.5,0.8,13.0,5.6,5.0,1.1,9.4,4.3,1.1,0.0,3.3,1.5,1.0,0.0,2.7,0.6,0.971,2026-10-03 00:01
2026-03-08,22500926,1641783.0,Tristan,da Silva,Magic,Bucks,1610612753,1610612749,0,29.3,21.5,35.7,29.3,10.3,4.1,18.7,11.3,4.5,1.9,7.5,5.5,2.0,0.0,4.1,2.2,2.0,0.0,4.5,2.4,0.999,2026-10-03 00:01
2026-03-08,22500923,1641796.0,Pelle,Larsson,Heat,Pistons,1610612748,1610612765,1,28.6,22.1,34.4,29.3,10.8,3.9,19.1,10.9,3.7,1.0,6.8,3.7,3.8,1.2,6.6,3.8,0.8,0.0,2.2,0.5,0.959,2026-10-03 00:01
2026-03-08,22500930,1641815.0,Isaiah,Stevens,Kings,Bulls,1610612758,1610612741,1,16.0,4.7,25.0,7.8,2.9,0.0,10.0,1.7,1.1,0.0,3.6,0.8,2.3,0.0,5.9,1.7,0.0,0.0,1.5,0.0,1.049,2026-10-03 00:01
2026-03-08,22500930,1641824.0,Matas,Buzelis,Bulls,Kings,1610612741,1610612758,0,28.5,19.4,35.7,29.2,15.8,6.4,25.5,17.1,5.2,2.1,10.7,6.2,2.2,0.0,4.7,2.4,2.2,0.4,4.4,2.9,0.957,2026-10-03 00:01
2026-03-08,22500923,1641842.0,Ronald,Holland II,Pistons,Heat,1610612765,1610612748,0,18.6,11.8,27.4,18.2,7.7,2.0,15.6,9.1,3.6,1.0,7.6,4.4,1.0,0.0,3.0,1.1,0.4,0.0,1.9,0.6,1.009,2026-10-03 00:01
2026-03-08,22500921,1641854.0,Craig,Porter Jr.,Cavaliers,Celtics,1610612739,1610612738,1,17.8,9.3,25.9,18.5,3.3,0.0,9.5,3.6,3.0,0.9,6.0,2.8,3.2,1.1,5.9,3.8,0.4,0.0,1.6,0.4,0.934,2026-10-03 00:01
2026-03-08,22500923,1642066.0,Myron,Gardner,Heat,Pistons,1610612748,1610612765,1,12.8,2.7,21.1,9.2,3.2,0.0,9.6,3.5,2.9,0.4,6.9,3.0,1.3,0.0,3.2,1.5,0.8,0.0,1.9,0.7,0.959,2026-10-03 00:01
2026-03-08,22500925,1642259.0,Alex,Sarr,Wizards,Pelicans,1610612764,1610612740,0,29.2,17.2,33.7,29.6,16.7,6.8,26.1,17.9,7.5,2.6,12.8,8.8,2.0,0.1,4.1,2.7,0.9,0.0,2.5,1.0,0.971,2026-10-03 00:01
2026-03-08,22500922,1642261.0,Dalton,Knecht,Lakers,Knicks,1610612747,1610612752,1,3.2,0.6,15.3,4.7,2.3,0.0,7.6,2.4,0.9,0.0,3.3,1.1,0.0,0.0,1.3,0.3,0.0,0.0,1.1,0.1,0.997,2026-10-03 00:01
2026-03-08,22500927,1642263.0,Reed,Sheppard,Rockets,Spurs,1610612745,1610612759,0,32.6,24.6,39.6,30.6,15.4,6.8,25.6,18.3,3.3,1.1,6.8,3.5,4.5,1.5,7.5,4.7,2.9,0.7,5.6,4.2,0.968,2026-10-03 00:01
2026-03-08,22500927,1642264.0,Stephon,Castle,Spurs,Rockets,1610612759,1610612745,1,29.4,22.3,35.7,26.8,14.4,6.8,23.2,13.8,4.2,1.1,8.0,4.0,6.8,2.9,9.8,6.6,1.0,0.0,2.4,0.7,0.975,2026-10-03 00:01
2026-03-08,22500930,1642265.0,Rob,Dillingham,Bulls,Kings,1610612741,1610612758,0,19.6,12.3,26.9,18.8,7.3,1.1,15.8,6.6,2.5,0.6,5.2,2.8,3.7,0.7,7.0,3.2,0.1,0.0,2.1,0.3,0.957,2026-10-03 00:01
2026-03-08,22500924,1642266.0,Ja'Kobe,Walter,Raptors,Mavericks,1610612761,1610612742,1,19.6,13.4,29.3,22.9,6.5,1.2,13.5,7.4,2.6,0.8,5.2,3.5,1.0,0.0,3.0,1.5,1.0,0.0,3.3,1.5,0.975,2026-10-03 00:01
2026-03-08,22500925,1642267.0,Bub,Carrington,Wizards,Pelicans,1610612764,1610612740,0,23.6,15.4,30.9,24.4,8.7,1.8,16.4,7.9,3.1,0.9,6.4,4.2,3.7,0.8,7.2,4.4,1.2,0.0,3.3,1.4,0.971,2026-10-03 00:01
2026-03-08,22500930,1642269.0,Devin,Carter,Kings,Bulls,1610612758,1610612741,1,18.5,6.3,27.4,22.7,8.7,1.2,17.4,10.7,2.6,0.6,6.3,3.9,2.4,0.1,5.7,3.4,0.0,0.0,1.4,0.3,1.049,2026-10-03 00:01
2026-03-08,22500929,1642270.0,Donovan,Clingan,Trail Blazers,Pacers,1610612757,1610612754,1,26.2,17.1,31.9,26.4,12.4,5.2,20.2,14.2,11.2,5.8,15.7,11.7,2.0,0.4,4.8,2.9,1.0,0.0,2.5,1.7,0.922,2026-10-03 00:01
2026-03-08,22500925,1642274.0,Yves,Missi,Pelicans,Wizards,1610612740,1610612764,1,16.8,8.3,24.6,17.4,5.1,0.2,10.9,5.4,4.9,1.1,9.5,4.7,0.9,0.0,2.4,0.8,0.0,0.0,0.0,0.0,0.908,2026-10-03 00:01
2026-03-08,22500923,1642276.0,Kel'el,Ware,Heat,Pistons,1610612748,1610612765,1,25.1,16.0,32.8,22.8,10.7,4.8,18.7,11.8,9.4,4.6,14.6,10.2,0.9,0.0,2.2,0.4,1.0,0.0,2.9,1.2,0.959,2026-10-03 00:01
2026-03-08,22500929,1642277.0,Johnny,Furphy,Pacers,Trail Blazers,1610612754,1610612757,0,18.7,9.8,27.4,21.0,3.9,0.1,9.2,4.7,4.8,1.6,9.3,5.6,1.2,0.0,3.4,2.3,0.3,0.0,1.9,0.5,0.861,2026-10-03 00:01
2026-03-08,22500922,1642278.0,Tyler,Kolek,Knicks,Lakers,1610612752,1610612747,0,7.5,2.6,20.7,6.4,2.6,0.0,8.7,2.4,0.6,0.0,2.6,0.8,1.5,0.0,4.9,2.1,0.5,0.0,1.6,0.5,0.992,2026-10-03 00:01
2026-03-08,22500921,1642281.0,Jaylon,Tyson,Cavaliers,Celtics,1610612739,1610612738,1,28.8,20.1,35.0,26.8,12.0,3.9,19.6,11.8,4.5,1.6,8.4,4.4,1.9,0.0,4.3,1.6,2.0,0.0,4.0,2.1,0.934,2026-10-03 00:01
2026-03-08,22500928,1642345.0,Oso,Ighodaro,Suns,Hornets,1610612756,1610612766,1,26.0,17.7,34.3,24.9,8.4,2.5,15.0,9.2,6.4,2.5,10.8,6.6,2.2,0.8,5.6,3.1,0.0,0.0,0.1,0.0,1.046,2026-10-03 00:01
2026-03-08,22500928,1642346.0,Ryan,Dunn,Suns,Hornets,1610612756,1610612766,1,17.0,7.5,28.8,21.6,5.3,0.0,11.6,5.2,3.6,1.2,7.5,4.8,1.0,0.0,2.6,1.1,0.8,0.0,2.2,0.8,1.046,2026-10-03 00:01
2026-03-08,22500924,1642347.0,Jamal,Shead,Raptors,Mavericks,1610612761,1610612742,1,20.4,13.5,28.1,21.2,5.9,0.8,12.3,6.3,2.1,0.3,4.4,2.5,3.9,0.9,7.1,3.9,1.0,0.0,2.4,0.9,0.975,2026-10-03 00:01
2026-03-08,22500924,1642358.0,AJ,Johnson,Mavericks,Raptors,1610612742,1610612761,0,11.3,2.3,23.3,10.3,2.9,0.0,10.8,3.3,1.1,0.0,3.2,1.2,1.0,0.0,3.6,1.0,0.0,0.0,1.8,0.2,0.922,2026-10-03 00:01
2026-03-08,22500922,1642359.0,Pacome,Dadiet,Knicks,Lakers,1610612752,1610612747,0,7.1,2.2,18.8,4.0,1.3,0.0,6.0,2.0,0.9,0.0,3.6,0.9,0.3,0.0,2.5,0.5,0.2,0.0,1.3,0.4,0.992,2026-10-03 00:01
2026-03-08,22500930,1642363.0,Nique,Clifford,Kings,Bulls,1610612758,1610612741,1,30.4,21.6,37.8,33.3,11.2,4.4,20.4,11.2,5.0,1.9,8.0,5.6,3.0,0.9,6.2,4.1,1.0,0.0,3.3,0.9,1.049,2026-10-03 00:01
2026-03-08,22500927,1642384.0,Isaiah,Crawford,Rockets,Spurs,1610612745,1610612759,0,3.4,1.3,12.9,5.0,0.5,0.0,4.5,1.0,0.6,0.0,2.5,0.6,0.0,0.0,1.0,0.3,0.0,0.0,1.1,0.2,0.968,2026-10-03 00:01
2026-03-08,22500921,1642400.0,Tristan,Enaruna,Cavaliers,Celtics,1610612739,1610612738,1,3.4,0.7,12.5,5.6,1.2,0.0,4.7,2.0,0.7,0.0,3.5,1.8,-0.0,0.0,1.2,0.5,0.0,0.0,0.7,0.0,0.934,2026-10-03 00:01
2026-03-08,22500923,1642404.0,Chaz,Lanier,Pistons,Heat,1610612765,1610612748,0,4.3,1.3,16.5,4.2,2.7,0.0,6.2,1.9,0.7,0.0,2.9,0.5,0.1,0.0,1.5,0.3,0.0,0.0,1.5,0.3,1.009,2026-10-03 00:01
2026-03-08,22500924,1642419.0,Jamison,Battle,Raptors,Mavericks,1610612761,1610612742,1,10.1,3.2,20.9,8.2,3.0,0.0,9.4,1.9,1.8,0.0,4.8,1.7,0.0,0.0,1.9,0.3,0.1,0.0,2.0,0.3,0.975,2026-10-03 00:01
2026-03-08,22500921,1642434.0,Riley,Minix,Cavaliers,Celtics,1610612739,1610612738,1,3.3,0.8,11.6,3.6,1.6,0.0,4.6,2.2,0.9,0.0,2.3,1.0,-0.0,0.0,1.3,0.2,0.0,0.0,1.0,0.2,0.934,2026-10-03 00:01
2026-03-08,22500923,1642449.0,Tolu,Smith,Pistons,Heat,1610612765,1610612748,0,10.1,1.6,20.9,13.8,3.2,0.0,9.9,5.9,3.4,0.1,8.3,5.1,0.0,0.0,1.4,0.8,0.0,0.0,0.1,0.0,1.009,2026-10-03 00:01
2026-03-08,22500923,1642450.0,Daniss,Jenkins,Pistons,Heat,1610612765,1610612748,0,23.1,12.5,35.9,18.1,8.4,1.6,19.5,5.6,2.2,0.0,4.5,1.4,3.0,0.0,6.2,1.7,0.6,0.0,2.5,0.3,1.009,2026-10-03 00:01
2026-03-08,22500930,1642530.0,Yuki,Kawamura,Bulls,Kings,1610612741,1610612758,0,11.6,3.2,20.8,11.9,2.0,0.0,7.7,3.2,1.6,0.0,4.1,2.3,1.8,0.0,5.0,3.2,0.2,0.0,1.9,0.7,0.957,2026-10-03 00:01
2026-03-08,22500924,1642843.0,Cooper,Flagg,Mavericks,Raptors,1610612742,1610612761,0,34.2,27.8,38.3,33.3,20.2,13.0,28.8,26.3,6.6,3.3,10.9,7.7,4.3,1.4,7.3,4.4,1.0,0.0,2.9,1.3,0.922,2026-10-03 00:01
2026-03-08,22500927,1642844.0,Dylan,Harper,Spurs,Rockets,1610612759,1610612745,1,22.3,16.4,28.7,23.7,10.3,3.5,17.6,12.0,3.0,0.9,6.0,3.0,3.4,1.0,6.3,4.2,0.9,0.0,2.2,0.9,0.975,2026-10-03 00:01
2026-03-08,22500925,1642847.0,Jeremiah,Fears,Pelicans,Wizards,1610612740,1610612764,1,22.0,14.2,31.3,24.7,11.6,3.6,19.7,12.8,3.6,1.0,6.5,4.6,3.6,0.7,7.0,4.6,1.0,0.0,3.0,1.4,0.908,2026-10-03 00:01
2026-03-08,22500925,1642848.0,Tre,Johnson,Wizards,Pelicans,1610612764,1610612740,0,21.3,14.8,29.2,20.2,11.6,4.1,19.7,10.4,2.6,0.8,5.9,3.2,1.7,0.0,3.9,1.7,1.0,0.0,3.3,1.2,0.971,2026-10-03 00:01
2026-03-08,22500928,1642851.0,Kon,Knueppel,Hornets,Suns,1610612766,1610612756,0,32.6,25.6,37.3,30.3,18.1,10.2,28.1,21.3,4.9,2.0,7.9,4.9,2.8,0.9,5.6,2.8,3.4,1.0,5.5,4.3,1.005,2026-10-03 00:01
2026-03-08,22500925,1642852.0,Derik,Queen,Pelicans,Wizards,1610612740,1610612764,1,20.2,12.5,28.5,22.2,9.1,2.9,15.8,9.9,5.5,1.8,10.5,6.3,2.2,0.1,5.3,2.2,0.0,0.0,1.1,0.2,0.908,2026-10-03 00:01
2026-03-08,22500928,1642853.0,Rasheer,Fleming,Suns,Hornets,1610612756,1610612766,1,14.7,6.5,25.1,14.3,4.8,0.0,11.7,4.9,2.5,0.7,6.0,3.3,0.3,0.0,1.8,0.4,1.0,0.0,2.9,1.3,1.046,2026-10-03 00:01
2026-03-08,22500923,1642857.0,Kasparas,Jakucionis,Heat,Pistons,1610612748,1610612765,1,16.2,9.0,24.7,19.0,4.7,0.1,12.1,7.8,2.0,0.6,5.0,3.3,2.1,0.1,5.1,2.5,1.0,0.0,2.6,1.5,0.959,2026-10-03 00:01
2026-03-08,22500925,1642860.0,Will,Riley,Wizards,Pelicans,1610612764,1610612740,0,28.4,19.9,35.0,26.4,13.4,4.3,22.7,12.3,3.2,1.0,6.5,3.5,2.2,0.4,5.1,2.6,1.1,0.0,3.6,1.0,0.971,2026-10-03 00:01
2026-03-08,22500928,1642863.0,Khaman,Maluach,Suns,Hornets,1610612756,1610612766,1,15.2,4.7,25.6,8.3,5.6,0.1,11.8,3.0,4.1,0.7,8.0,3.1,0.2,0.0,1.4,0.1,0.0,0.0,1.2,0.2,1.046,2026-10-03 00:01
2026-03-08,22500921,1642864.0,Hugo,Gonzalez,Celtics,Cavaliers,1610612738,1610612739,0,18.9,10.1,27.5,17.1,5.2,0.5,10.7,6.0,3.4,1.0,7.6,4.5,0.9,0.0,2.1,0.7,1.0,0.0,2.3,0.9,0.953,2026-10-03 00:01
2026-03-08,22500927,1642868.0,Carter,Bryant,Spurs,Rockets,1610612759,1610612745,1,16.1,7.5,24.8,12.7,5.3,0.2,12.9,4.1,3.1,0.9,6.7,3.7,0.9,0.0,2.1,0.9,1.0,0.0,3.1,1.0,0.975,2026-10-03 00:01
2026-03-08,22500926,1642869.0,Noah,Penda,Magic,Bucks,1610612753,1610612749,0,14.4,5.5,24.9,12.9,3.8,0.0,11.1,3.1,3.3,0.8,6.9,3.1,1.0,0.0,2.9,0.8,0.0,0.0,1.6,0.3,0.999,2026-10-03 00:01
2026-03-08,22500921,1642873.0,Amari,Williams,Celtics,Cavaliers,1610612738,1610612739,0,3.8,0.6,15.3,7.3,0.9,0.0,4.0,1.6,1.0,0.0,4.1,1.9,0.1,0.0,1.2,0.5,0.0,0.0,0.1,0.0,0.953,2026-10-03 00:01
2026-03-08,22500930,1642875.0,Maxime,Raynaud,Kings,Bulls,1610612758,1610612741,1,29.7,23.5,36.5,31.3,14.1,7.7,22.1,15.2,9.6,5.0,14.6,10.4,1.4,0.0,3.7,1.9,0.0,0.0,0.3,0.0,1.049,2026-10-03 00:01
2026-03-08,22500925,1642877.0,Micah,Peavy,Pelicans,Wizards,1610612740,1610612764,1,4.8,1.1,17.5,6.9,1.7,0.0,6.3,1.2,0.8,0.0,2.8,0.5,0.1,0.0,1.9,0.2,0.0,0.0,1.5,0.2,0.908,2026-10-03 00:01
2026-03-08,22500929,1642880.0,Kam,Jones,Pacers,Trail Blazers,1610612754,1610612757,0,19.9,8.2,29.7,25.3,3.8,0.0,8.6,6.8,1.4,0.2,3.6,1.9,2.9,0.6,6.0,3.9,0.3,0.0,1.9,0.8,0.861,2026-10-03 00:01
2026-03-08,22500925,1642882.0,Julian,Reese,Wizards,Pelicans,1610612764,1610612740,0,32.2,24.3,37.1,32.7,8.9,3.7,16.6,9.7,10.3,5.4,15.2,10.7,1.6,0.0,3.9,1.7,0.0,0.0,0.0,0.0,0.971,2026-10-03 00:01
2026-03-08,22500928,1642883.0,Sion,James,Hornets,Suns,1610612766,1610612756,0,16.8,8.8,24.6,19.2,3.4,0.0,9.5,4.3,2.2,0.7,5.5,3.6,1.1,0.0,3.2,2.1,0.9,0.0,2.1,1.0,1.005,2026-10-03 00:01
2026-03-08,22500923,1642884.0,Vladislav,Goldin,Heat,Pistons,1610612748,1610612765,1,3.3,0.9,10.7,,1.0,0.0,5.1,,0.5,0.0,2.5,,0.1,0.0,1.6,,0.0,0.0,0.7,,0.959,2026-10-03 00:01
2026-03-08,22500922,1642885.0,Mohamed,Diawara,Knicks,Lakers,1610612752,1610612747,0,13.6,6.6,22.7,14.0,5.1,0.0,12.0,6.9,1.8,0.0,4.1,2.2,1.0,0.0,2.7,0.9,1.0,0.0,3.1,1.7,0.992,2026-10-03 00:01
2026-03-08,22500929,1642905.0,Hansen,Yang,Trail Blazers,Pacers,1610612757,1610612754,1,6.3,1.2,18.1,4.1,2.6,0.0,8.9,1.4,0.9,0.0,5.0,0.8,0.2,0.0,2.9,0.2,0.0,0.0,0.8,0.0,0.922,2026-10-03 00:01
2026-03-08,22500924,1642948.0,Ryan,Nembhard,Mavericks,Raptors,1610612742,1610612761,0,13.4,5.1,22.8,12.5,3.4,0.0,11.0,4.0,1.0,0.0,3.3,1.5,2.5,0.1,6.5,3.4,0.1,0.0,2.1,0.5,0.922,2026-10-03 00:01
2026-03-08,22500930,1642950.0,Lachlan,Olbrich,Bulls,Kings,1610612741,1610612758,0,14.8,3.0,22.6,7.0,3.6,0.0,10.5,2.4,3.0,0.2,7.4,2.4,0.6,0.0,3.0,0.7,0.0,0.0,1.6,0.2,0.957,2026-10-03 00:01
2026-03-08,22500929,1642959.0,Chris,Youngblood,Trail Blazers,Pacers,1610612757,1610612754,1,7.3,1.7,19.8,5.8,2.6,0.0,9.5,2.7,1.0,0.0,4.1,0.9,0.2,0.0,2.2,0.5,0.5,0.0,2.3,0.7,0.922,2026-10-03 00:01
2026-03-08,22500929,1643007.0,Taelon,Peter,Pacers,Trail Blazers,1610612754,1610612757,0,23.5,10.7,35.0,18.4,7.4,1.6,15.7,7.3,2.7,0.7,6.3,2.0,2.3,0.0,4.8,1.6,1.8,0.0,4.1,2.0,0.861,2026-10-03 00:01
