fecha,estadistica,jugadores,MAE,MAE_baseline,cobertura_80,mejora_pct
2026-03-01,3PA,244,1.432,1.561,0.84,8.287
2026-03-01,3PM,244,0.774,0.858,0.922,9.815
2026-03-01,AST,244,1.132,1.23,0.914,7.976
2026-03-01,BLK,244,0.452,0.533,0.902,15.318
2026-03-01,DREB,244,1.434,1.504,0.898,4.66
2026-03-01,FGA,244,2.673,2.769,0.828,3.488
2026-03-01,FGM,244,1.572,1.668,0.844,5.765
2026-03-01,FTA,244,1.42,1.563,0.898,9.192
2026-03-01,FTM,244,1.132,1.29,0.918,12.199
2026-03-01,MIN,244,4.177,4.812,0.865,13.201
2026-03-01,OREB,244,0.73,0.838,0.906,12.883
2026-03-01,PF,244,0.955,0.989,0.906,3.477
2026-03-01,PTS,244,4.137,4.406,0.84,6.094
2026-03-01,REB,244,1.683,1.757,0.844,4.189
2026-03-01,STL,244,0.663,0.778,0.898,14.742
2026-03-01,TO,244,0.849,0.91,0.881,6.671
2026-03-02,3PA,85,1.515,1.572,0.812,3.625
2026-03-02,3PM,85,0.934,1.006,0.871,7.148
2026-03-02,AST,85,1.301,1.435,0.8,9.322
2026-03-02,BLK,85,0.369,0.493,0.894,25.034
2026-03-02,DREB,85,1.359,1.411,0.871,3.687
2026-03-02,FGA,85,2.804,2.963,0.812,5.371
2026-03-02,FGM,85,1.874,1.973,0.765,5.036
2026-03-02,FTA,85,1.538,1.724,0.835,10.814
2026-03-02,FTM,85,1.286,1.399,0.835,8.072
2026-03-02,MIN,85,4.789,5.145,0.824,6.926
2026-03-02,OREB,85,0.926,0.99,0.859,6.511
2026-03-02,PF,85,0.929,0.976,0.871,4.764
2026-03-02,PTS,85,4.694,5.267,0.788,10.885
2026-03-02,REB,85,1.911,2.006,0.812,4.757
2026-03-02,STL,85,0.624,0.77,0.882,19.009
2026-03-02,TO,85,0.832,0.963,0.918,13.596
2026-03-03,3PA,216,1.414,1.456,0.838,2.915
2026-03-03,3PM,216,0.752,0.86,0.907,12.537
2026-03-03,AST,216,1.346,1.375,0.824,2.062
2026-03-03,BLK,216,0.448,0.521,0.898,14.004
2026-03-03,DREB,216,1.594,1.673,0.815,4.682
2026-03-03,FGA,216,2.505,2.646,0.824,5.343
2026-03-03,FGM,216,1.605,1.702,0.829,5.687
2026-03-03,FTA,216,1.637,1.77,0.843,7.536
2026-03-03,FTM,216,1.335,1.443,0.843,7.454
2026-03-03,MIN,216,4.816,4.964,0.81,2.985
2026-03-03,OREB,216,0.727,0.801,0.931,9.245
2026-03-03,PF,216,1.046,1.141,0.824,8.328
2026-03-03,PTS,216,4.17,4.396,0.833,5.148
2026-03-03,REB,216,1.85,1.935,0.819,4.379
2026-03-03,STL,216,0.725,0.824,0.87,12.009
2026-03-03,TO,216,0.825,0.862,0.884,4.183
2026-03-04,3PA,136,1.403,1.494,0.86,6.1
2026-03-04,3PM,136,0.782,0.907,0.897,13.792
2026-03-04,AST,136,1.338,1.445,0.882,7.451
2026-03-04,BLK,136,0.396,0.501,0.926,20.969
2026-03-04,DREB,136,1.425,1.479,0.853,3.62
2026-03-04,FGA,136,2.532,2.687,0.838,5.797
2026-03-04,FGM,136,1.571,1.698,0.875,7.448
2026-03-04,FTA,136,1.309,1.435,0.89,8.781
2026-03-04,FTM,136,1.086,1.196,0.904,9.217
2026-03-04,MIN,136,4.315,4.657,0.838,7.34
2026-03-04,OREB,136,0.82,0.949,0.86,13.599
2026-03-04,PF,136,1.071,1.122,0.853,4.536
2026-03-04,PTS,136,3.998,4.304,0.868,7.108
2026-03-04,REB,136,1.878,1.961,0.801,4.259
2026-03-04,STL,136,0.527,0.677,0.934,22.13
2026-03-04,TO,136,0.834,0.908,0.875,8.184
2026-03-05,3PA,193,1.453,1.541,0.834,5.677
2026-03-05,3PM,193,0.798,0.87,0.896,8.246
2026-03-05,AST,193,1.292,1.352,0.87,4.446
2026-03-05,BLK,193,0.402,0.532,0.927,24.488
2026-03-05,DREB,193,1.499,1.546,0.824,3.014
2026-03-05,FGA,193,2.831,2.987,0.777,5.233
2026-03-05,FGM,193,1.72,1.805,0.839,4.682
2026-03-05,FTA,193,1.517,1.629,0.876,6.888
2026-03-05,FTM,193,1.238,1.334,0.865,7.137
2026-03-05,MIN,193,5.518,5.844,0.715,5.573
2026-03-05,OREB,193,0.951,0.949,0.87,-0.275
2026-03-05,PF,193,1.125,1.195,0.829,5.891
2026-03-05,PTS,193,4.426,4.629,0.834,4.372
2026-03-05,REB,193,1.978,1.983,0.808,0.253
2026-03-05,STL,193,0.65,0.779,0.896,16.543
2026-03-05,TO,193,0.809,0.897,0.891,9.87
2026-03-06,3PA,155,1.461,1.475,0.845,0.962
2026-03-06,3PM,155,0.812,0.914,0.903,11.221
2026-03-06,AST,155,1.254,1.318,0.89,4.895
2026-03-06,BLK,155,0.42,0.521,0.916,19.331
2026-03-06,DREB,155,1.652,1.734,0.826,4.689
2026-03-06,FGA,155,2.355,2.45,0.852,3.871
2026-03-06,FGM,155,1.567,1.702,0.852,7.923
2026-03-06,FTA,155,1.292,1.532,0.916,15.628
2026-03-06,FTM,155,1.036,1.237,0.903,16.267
2026-03-06,MIN,155,4.809,5.323,0.839,9.648
2026-03-06,OREB,155,0.784,0.839,0.877,6.61
2026-03-06,PF,155,0.93,1.019,0.916,8.797
2026-03-06,PTS,155,3.973,4.425,0.826,10.22
2026-03-06,REB,155,1.839,1.956,0.826,5.97
2026-03-06,STL,155,0.669,0.768,0.903,12.93
2026-03-06,TO,155,0.817,0.885,0.903,7.659
2026-03-07,3PA,126,1.344,1.448,0.825,7.152
2026-03-07,3PM,126,0.695,0.751,0.937,7.45
2026-03-07,AST,126,1.367,1.409,0.881,2.991
2026-03-07,BLK,126,0.408,0.472,0.905,13.573
2026-03-07,DREB,126,1.628,1.606,0.825,-1.381
2026-03-07,FGA,126,2.621,2.686,0.794,2.419
2026-03-07,FGM,126,1.492,1.602,0.881,6.839
2026-03-07,FTA,126,1.76,1.79,0.825,1.68
2026-03-07,FTM,126,1.505,1.553,0.857,3.094
2026-03-07,MIN,126,5.244,5.161,0.77,-1.599
2026-03-07,OREB,126,0.764,0.782,0.897,2.215
2026-03-07,PF,126,1.184,1.174,0.825,-0.828
2026-03-07,PTS,126,3.834,4.014,0.833,4.472
2026-03-07,REB,126,1.955,1.912,0.81,-2.237
2026-03-07,STL,126,0.646,0.761,0.881,15.085
2026-03-07,TO,126,0.913,0.97,0.833,5.787
2026-03-08,3PA,227,1.378,1.434,0.837,3.923
2026-03-08,3PM,227,0.832,0.885,0.912,6.009
2026-03-08,AST,227,1.326,1.401,0.828,5.378
2026-03-08,BLK,227,0.417,0.519,0.93,19.636
2026-03-08,DREB,227,1.49,1.595,0.837,6.598
2026-03-08,FGA,227,2.475,2.654,0.85,6.741
2026-03-08,FGM,227,1.633,1.731,0.841,5.641
2026-03-08,FTA,227,1.409,1.511,0.899,6.741
2026-03-08,FTM,227,1.149,1.218,0.912,5.656
2026-03-08,MIN,227,4.424,4.644,0.837,4.733
2026-03-08,OREB,227,0.695,0.8,0.903,13.161
2026-03-08,PF,227,1.055,1.095,0.846,3.657
2026-03-08,PTS,227,4.18,4.468,0.819,6.433
2026-03-08,REB,227,1.777,1.903,0.855,6.622
2026-03-08,STL,227,0.53,0.659,0.965,19.595
2026-03-08,TO,227,0.773,0.906,0.921,14.694
2026-03-09,3PA,106,1.703,1.687,0.811,-0.958
2026-03-09,3PM,106,0.981,0.989,0.83,0.753
2026-03-09,AST,106,1.354,1.415,0.858,4.343
2026-03-09,BLK,106,0.469,0.485,0.887,3.279
2026-03-09,DREB,106,1.486,1.435,0.84,-3.526
2026-03-09,FGA,106,3.136,3.129,0.774,-0.233
2026-03-09,FGM,106,1.874,1.755,0.811,-6.742
2026-03-09,FTA,106,1.425,1.486,0.915,4.055
2026-03-09,FTM,106,1.268,1.305,0.887,2.823
2026-03-09,MIN,106,5.56,5.549,0.802,-0.185
2026-03-09,OREB,106,0.812,0.893,0.849,9.075
2026-03-09,PF,106,1.055,1.116,0.858,5.507
2026-03-09,PTS,106,5.001,4.768,0.783,-4.894
2026-03-09,REB,106,1.908,1.842,0.774,-3.615
2026-03-09,STL,106,0.632,0.662,0.934,4.507
2026-03-09,TO,106,0.865,0.956,0.858,9.527
2026-03-10,3PA,241,1.71,1.719,0.788,0.564
2026-03-10,3PM,241,0.909,0.969,0.892,6.225
2026-03-10,AST,241,1.261,1.307,0.867,3.56
2026-03-10,BLK,241,0.383,0.515,0.934,25.783
2026-03-10,DREB,241,1.512,1.554,0.834,2.699
2026-03-10,FGA,241,2.999,3.102,0.793,3.305
2026-03-10,FGM,241,1.81,1.919,0.817,5.716
2026-03-10,FTA,241,1.854,1.941,0.851,4.465
2026-03-10,FTM,241,1.527,1.593,0.851,4.189
2026-03-10,MIN,241,5.194,5.52,0.768,5.891
2026-03-10,OREB,241,0.802,0.9,0.88,10.927
2026-03-10,PF,241,1.081,1.097,0.846,1.435
2026-03-10,PTS,241,4.959,5.222,0.788,5.026
2026-03-10,REB,241,1.859,1.929,0.822,3.626
2026-03-10,STL,241,0.621,0.723,0.9,14.087
2026-03-10,TO,241,0.795,0.831,0.913,4.327
2026-03-11,3PA,133,1.453,1.537,0.835,5.436
2026-03-11,3PM,133,0.823,0.875,0.917,5.949
2026-03-11,AST,133,1.283,1.29,0.835,0.507
2026-03-11,BLK,133,0.328,0.43,0.947,23.763
2026-03-11,DREB,133,1.247,1.334,0.925,6.483
2026-03-11,FGA,133,2.635,2.787,0.85,5.439
2026-03-11,FGM,133,1.817,1.881,0.789,3.415
2026-03-11,FTA,133,1.579,1.745,0.842,9.496
2026-03-11,FTM,133,1.28,1.435,0.865,10.798
2026-03-11,MIN,133,4.314,4.732,0.85,8.84
2026-03-11,OREB,133,0.847,0.94,0.857,9.854
2026-03-11,PF,133,0.995,1.067,0.842,6.695
2026-03-11,PTS,133,4.753,4.895,0.744,2.901
2026-03-11,REB,133,1.547,1.746,0.902,11.384
2026-03-11,STL,133,0.614,0.665,0.917,7.573
2026-03-11,TO,133,0.647,0.771,0.947,16.108
2026-03-12,3PA,186,1.649,1.652,0.817,0.18
2026-03-12,3PM,186,0.855,0.934,0.871,8.428
2026-03-12,AST,186,1.231,1.316,0.898,6.463
2026-03-12,BLK,186,0.46,0.548,0.882,15.953
2026-03-12,DREB,186,1.529,1.588,0.849,3.72
2026-03-12,FGA,186,3.03,3.258,0.747,7.022
2026-03-12,FGM,186,1.892,2.025,0.801,6.59
2026-03-12,FTA,186,1.628,1.756,0.855,7.275
2026-03-12,FTM,186,1.416,1.495,0.871,5.286
2026-03-12,MIN,186,5.128,5.711,0.769,10.21
2026-03-12,OREB,186,0.843,0.847,0.855,0.474
2026-03-12,PF,186,0.969,1.016,0.849,4.664
2026-03-12,PTS,186,5.15,5.508,0.763,6.501
2026-03-12,REB,186,1.849,1.899,0.839,2.604
2026-03-12,STL,186,0.674,0.71,0.876,5.083
2026-03-12,TO,186,0.792,0.85,0.892,6.798
2026-03-13,3PA,165,1.499,1.547,0.788,3.092
2026-03-13,3PM,165,0.845,0.916,0.867,7.763
2026-03-13,AST,165,1.322,1.347,0.873,1.842
2026-03-13,BLK,165,0.44,0.528,0.909,16.605
2026-03-13,DREB,165,1.521,1.574,0.836,3.368
2026-03-13,FGA,165,2.768,2.828,0.824,2.134
2026-03-13,FGM,165,1.686,1.712,0.848,1.531
2026-03-13,FTA,165,1.509,1.647,0.861,8.353
2026-03-13,FTM,165,1.207,1.378,0.842,12.428
2026-03-13,MIN,165,4.807,4.905,0.848,2.01
2026-03-13,OREB,165,0.913,0.894,0.848,-2.04
2026-03-13,PF,165,1.132,1.163,0.848,2.672
2026-03-13,PTS,165,4.245,4.323,0.824,1.787
2026-03-13,REB,165,1.835,1.88,0.83,2.373
2026-03-13,STL,165,0.582,0.632,0.921,7.83
2026-03-13,TO,165,0.786,0.865,0.885,9.129
2026-03-14,3PA,145,1.528,1.528,0.807,0.0
2026-03-14,3PM,145,0.79,0.887,0.917,10.964
2026-03-14,AST,145,1.139,1.234,0.883,7.765
2026-03-14,BLK,145,0.461,0.556,0.89,17.122
2026-03-14,DREB,145,1.452,1.496,0.869,2.905
2026-03-14,FGA,145,2.665,2.768,0.779,3.713
2026-03-14,FGM,145,1.817,1.899,0.821,4.323
2026-03-14,FTA,145,1.401,1.491,0.89,6.059
2026-03-14,FTM,145,1.254,1.335,0.855,6.095
2026-03-14,MIN,145,4.112,4.607,0.848,10.751
2026-03-14,OREB,145,0.772,0.893,0.897,13.591
2026-03-14,PF,145,1.029,1.106,0.862,6.983
2026-03-14,PTS,145,4.523,4.888,0.793,7.464
2026-03-14,REB,145,1.69,1.853,0.862,8.82
2026-03-14,STL,145,0.692,0.716,0.876,3.276
2026-03-14,TO,145,0.819,0.882,0.883,7.115
