temporada,modelo,objetivo,n,MAE,RMSE,sesgo,cobertura_80,ancho_80
2015,lgbm_crudo,numMinutes,27477,4.865420857416843,6.3419869421983,-0.023469887849556937,0.806019580012374,16.03159703873502
2015,lgbm_crudo,points,27477,4.232261515373577,5.563465392741772,-0.4179433319536381,0.7889507588164647,13.565570164628102
2015,lgbm_crudo,reboundsTotal,27477,1.8886518821384342,2.530721000631877,-0.26664993131505826,0.7785420533537141,6.030470984797984
2015,lgbm_crudo,assists,27477,1.1636319912238013,1.6670148846619337,-0.2348682393718948,0.8252356516359137,3.676601644927787
2015,lgbm_crudo,threePointersMade,27477,0.615684212076566,1.0527756408429392,-0.24581849016889298,0.9059941041598428,1.9406680596831067
2015,lgbm_conformal,numMinutes,27477,4.865420857416843,6.3419869421983,-0.023469887849556937,0.8094770171416094,16.15610271637903
2015,lgbm_conformal,points,27477,4.232261515373577,5.563465392741772,-0.4179433319536381,0.8034719947592532,13.589222946343167
2015,lgbm_conformal,reboundsTotal,27477,1.8886518821384342,2.530721000631877,-0.26664993131505826,0.8024893547330495,6.067779765342419
2015,lgbm_conformal,assists,27477,1.1636319912238013,1.6670148846619337,-0.2348682393718948,0.8252356516359137,3.6759822244441986
2015,lgbm_conformal,threePointersMade,27477,0.615684212076566,1.0527756408429392,-0.24581849016889298,0.9059941041598428,1.9405701207114974
2016,lgbm_crudo,numMinutes,27338,4.838036317154691,6.292006712382133,-0.0023195148226422585,0.7949740288243471,15.558755773494045
2016,lgbm_crudo,points,27338,4.279720313889123,5.620470074366444,-0.48508164455126124,0.7865608310776209,13.577469028555127
2016,lgbm_crudo,reboundsTotal,27338,1.8601747309944117,2.490922686557709,-0.25265728992850645,0.7799400102421538,5.915462652009332
2016,lgbm_crudo,assists,27338,1.1725957832993066,1.6759356277315471,-0.24147472970821923,0.8064232935840222,3.6988393676533486
2016,lgbm_crudo,threePointersMade,27338,0.6747388244855469,1.0978964738545367,-0.251348875061895,0.9007608457092692,2.089921771191657
2016,lgbm_conformal,numMinutes,27338,4.838036317154691,6.292006712382133,-0.0023195148226422585,0.8007535298851416,15.750967208536586
2016,lgbm_conformal,points,27338,4.279720313889123,5.620470074366444,-0.48508164455126124,0.799839051869193,13.610529370385596
2016,lgbm_conformal,reboundsTotal,27338,1.8601747309944117,2.490922686557709,-0.25265728992850645,0.8014851122979003,5.95089854759137
2016,lgbm_conformal,assists,27338,1.1725957832993066,1.6759356277315471,-0.24147472970821923,0.8064232935840222,3.698174094460728
2016,lgbm_conformal,threePointersMade,27338,0.6747388244855469,1.0978964738545367,-0.251348875061895,0.9007608457092692,2.089797631936411
2017,lgbm_crudo,numMinutes,27191,4.702735329803906,6.146970431707991,0.04429624326830617,0.7994189253797213,15.242288287001792
2017,lgbm_crudo,points,27191,4.319634545306874,5.717294676878359,-0.6934712721909297,0.7832371005111985,13.437649952086213
2017,lgbm_crudo,reboundsTotal,27191,1.8579609929111152,2.491682105863449,-0.2924489477379533,0.781949909896657,5.88160730893728
2017,lgbm_crudo,assists,27191,1.2133009938380375,1.7161208432477462,-0.2514274765878932,0.8029495053510353,3.7901245742751533
2017,lgbm_crudo,threePointersMade,27191,0.7162816621279127,1.15447906104918,-0.2717456152076738,0.8874259865396639,2.192400862775014
2017,lgbm_conformal,numMinutes,27191,4.702735329803906,6.146970431707991,0.04429624326830617,0.8085395903056158,15.507140124943339
2017,lgbm_conformal,points,27191,4.319634545306874,5.717294676878359,-0.6934712721909297,0.797028428524144,13.477695465398279
2017,lgbm_conformal,reboundsTotal,27191,1.8579609929111152,2.491682105863449,-0.2924489477379533,0.7991614872568129,5.909714281504865
2017,lgbm_conformal,assists,27191,1.2133009938380375,1.7161208432477462,-0.2514274765878932,0.8029495053510353,3.789599922538801
2017,lgbm_conformal,threePointersMade,27191,0.7162816621279127,1.15447906104918,-0.2717456152076738,0.8874259865396639,2.1923070983557547
2018,lgbm_crudo,numMinutes,27278,4.779607794172739,6.267236508174647,0.0022821052277078855,0.7739203753940904,14.559423041120509
2018,lgbm_crudo,points,27278,4.493643260705267,5.904395061867037,-0.4907102974924012,0.7676149277806291,13.829357534070251
2018,lgbm_crudo,reboundsTotal,27278,1.9232710304761511,2.580429081122463,-0.25817469586024433,0.780299142165848,6.085198637864033
2018,lgbm_crudo,assists,27278,1.2606527751472205,1.7785488053300222,-0.23484798611561053,0.7963193782535376,3.952771757746731
2018,lgbm_crudo,threePointersMade,27278,0.7678072671086364,1.1851081120908251,-0.25850552810276234,0.8824327296722634,2.365110601430328
2018,lgbm_conformal,numMinutes,27278,4.779607794172739,6.267236508174647,0.0022821052277078855,0.7867512280959015,14.948333607843638
2018,lgbm_conformal,points,27278,4.493643260705267,5.904395061867037,-0.4907102974924012,0.79199354791407,13.952573958084072
2018,lgbm_conformal,reboundsTotal,27278,1.9232710304761511,2.580429081122463,-0.25817469586024433,0.7962093995160936,6.112932435558385
2018,lgbm_conformal,assists,27278,1.2606527751472205,1.7785488053300222,-0.23484798611561053,0.7963193782535376,3.952235472422272
2018,lgbm_conformal,threePointersMade,27278,0.7678072671086364,1.1851081120908251,-0.25850552810276234,0.8824327296722634,2.364996043299021
