temporada,lambda,MAE,MAE_atipicos,sesgo,cobertura_80
2015,0.0,4.2191375793643004,4.434054405742647,-0.4165944830348403,0.8044781509570242
2015,0.25,4.206712726720729,4.390981515583091,-0.4294312369598041,0.8054893463344167
2015,0.5,4.200547417456786,4.3682872422573835,-0.4378601186896508,0.8051282051282052
2015,0.75,4.2012142978409575,4.368199836862449,-0.44179300272403965,0.8045142650776453
2015,1.0,4.2092047194191835,4.392751790396948,-0.44113119090128544,0.8035752979414951
2016,0.0,4.267602209146159,4.479795646177924,-0.5238021413057707,0.798832656612529
2016,0.25,4.254533856763672,4.437287089996714,-0.494301752955473,0.8024579466357309
2016,0.5,4.24871372592742,4.419808406619929,-0.4600767009211095,0.8037267981438515
2016,0.75,4.250369805560279,4.426952724774993,-0.4209828040091259,0.8055756960556845
2016,1.0,4.259671603024405,4.460979334359364,-0.37686287114215844,0.8058657192575406
2017,0.0,4.301689967755484,4.427895548272259,-0.7182033685119644,0.7990987062072976
2017,0.25,4.282538273051416,4.371740484122524,-0.6855012440462931,0.8018607355720309
2017,0.5,4.2721916674986975,4.3405957452277715,-0.6462717440364271,0.803641517662451
2017,0.75,4.273026495490443,4.342028340022932,-0.6002740237891308,0.8062945195522605
2017,1.0,4.286064066763783,4.380340563619949,-0.547243636608851,0.8068396569268789
2018,0.0,4.472840405052866,4.592841572930799,-0.5320497875871081,0.7917951322137183
2018,0.25,4.447889832196899,4.524549856384432,-0.557523664293329,0.7947332148427582
2018,0.5,4.433782752613155,4.484771829832516,-0.5762146064072577,0.7960753019696035
2018,0.75,4.431250692636169,4.474517855104093,-0.5879995527844335,0.7949145779680076
2018,1.0,4.439455925449801,4.493084788571333,-0.5927359194194914,0.7928470383401647
