temporada,modelo,objetivo,n,MAE,RMSE,sesgo
2015,prom_10_jugados,numMinutes,27477,5.198032596959882,6.753163312657345,0.024334479457855364
2015,prom_10_jugados,points,27477,4.383087759979342,5.70159594463682,-4.505933100756839e-05
2015,prom_10_jugados,reboundsTotal,27477,1.961039001739406,2.589181382721096,0.0078811802771842
2015,prom_10_jugados,assists,27477,1.2250027584398149,1.691232546785694,-0.00124375307255534
2015,prom_10_jugados,threePointersMade,27477,0.6682431511261077,1.023199962036518,-0.002685839412010389
2015,tasa_x_minutos,numMinutes,27477,5.6349097600244,7.442884928754788,-1.6695163660689374
2015,tasa_x_minutos,points,27477,4.422498499466509,5.836136390567814,-0.6669529956078706
2015,tasa_x_minutos,reboundsTotal,27477,1.9795743308544924,2.6588712250197193,-0.30574152639061475
2015,tasa_x_minutos,assists,27477,1.2186178512360408,1.7153090310561834,-0.14812001495045493
2015,tasa_x_minutos,threePointersMade,27477,0.6592128134872975,1.0289819089213954,-0.05615611556216426
2016,prom_10_jugados,numMinutes,27338,5.126129960970658,6.664447129993608,0.022351802305529724
2016,prom_10_jugados,points,27338,4.415195097352717,5.742773634713375,-0.014643797748816401
2016,prom_10_jugados,reboundsTotal,27338,1.9280562435913964,2.542585538058249,-0.001047091843785091
2016,prom_10_jugados,assists,27338,1.2338465151710452,1.7067596939955405,-0.006775295042542095
2016,prom_10_jugados,threePointersMade,27338,0.7242566164661783,1.0763794640864208,-0.004932331529924621
2016,tasa_x_minutos,numMinutes,27338,5.573273363897221,7.3544727772309955,-1.6362610129281063
2016,tasa_x_minutos,points,27338,4.4781471398030765,5.901486628046979,-0.6889210262591636
2016,tasa_x_minutos,reboundsTotal,27338,1.9448525484034664,2.607410246595952,-0.30087146851815083
2016,tasa_x_minutos,assists,27338,1.2294554675334175,1.7340876208624008,-0.15534047903551892
2016,tasa_x_minutos,threePointersMade,27338,0.7170405139889008,1.0839711388098292,-0.06735686532032278
2017,prom_10_jugados,numMinutes,27191,5.047414819212473,6.57244477072137,-0.029316568916068715
2017,prom_10_jugados,points,27191,4.477591529176613,5.841790705509184,-0.00592814032187354
2017,prom_10_jugados,reboundsTotal,27191,1.9239764937394668,2.542895143144838,-0.004467529230318388
2017,prom_10_jugados,assists,27191,1.2748114893291604,1.7432808813201126,-0.0053588284638999934
2017,prom_10_jugados,threePointersMade,27191,0.7663442560651195,1.1289831540160462,-0.009635657923694401
2017,tasa_x_minutos,numMinutes,27191,5.402333230007828,7.13856848858092,-1.4373322055091757
2017,tasa_x_minutos,points,27191,4.512312985213946,5.96243461547053,-0.5725196187113734
2017,tasa_x_minutos,reboundsTotal,27191,1.942725417432122,2.6081461433476956,-0.27287048760882016
2017,tasa_x_minutos,assists,27191,1.2684446096485005,1.7642660662943372,-0.12960992286780232
2017,tasa_x_minutos,threePointersMade,27191,0.7599781206783524,1.1356973433484454,-0.06174481168780754
2018,prom_10_jugados,numMinutes,27278,5.146107029096068,6.7383251897198795,-0.05697316111477706
2018,prom_10_jugados,points,27278,4.6374965668013175,6.0282742679611925,-0.0586397463157123
2018,prom_10_jugados,reboundsTotal,27278,1.9951785670643358,2.6410882694797997,-0.02460445477895438
2018,prom_10_jugados,assists,27278,1.3211374041759334,1.8095689315668633,-0.016324117813413218
2018,prom_10_jugados,threePointersMade,27278,0.8168033545260615,1.1669920292989389,-0.007883526116167805
2018,tasa_x_minutos,numMinutes,27278,5.416350274132186,7.1935608980982675,-1.41372632111231
2018,tasa_x_minutos,points,27278,4.653464897580118,6.1252938311466245,-0.6080902017673407
2018,tasa_x_minutos,reboundsTotal,27278,2.001085865462836,2.6847332925873153,-0.2799343066160648
2018,tasa_x_minutos,assists,27278,1.3140889163544784,1.825427466652939,-0.13844641358755297
2018,tasa_x_minutos,threePointersMade,27278,0.8071802877369635,1.172590882451197,-0.06400059877312608
2019,prom_10_jugados,numMinutes,23515,5.160515830827334,6.712866605024485,-0.06514610734789344
2019,prom_10_jugados,points,23515,4.742947443205789,6.1800703031173825,-0.036874723665070254
2019,prom_10_jugados,reboundsTotal,23515,1.9875176769977962,2.617583142949426,0.0015733793694669646
2019,prom_10_jugados,assists,23515,1.320724444714451,1.7983068315010762,-0.010760963113716672
2019,prom_10_jugados,threePointersMade,23515,0.8732362321922178,1.2411466474390558,-0.016067656916051557
2019,tasa_x_minutos,numMinutes,23515,5.513482292626456,7.283096655804891,-1.5151643665475263
2019,tasa_x_minutos,points,23515,4.775850487193247,6.308775158890023,-0.6625768253293237
2019,tasa_x_minutos,reboundsTotal,23515,2.0045832447374017,2.6851934221209377,-0.28219230211043944
2019,tasa_x_minutos,assists,23515,1.3158707714427467,1.8224399662694257,-0.14996862860247934
2019,tasa_x_minutos,threePointersMade,23515,0.8661499414423081,1.250149395630037,-0.07944358379825103
2020,prom_10_jugados,numMinutes,24443,5.194817534672503,6.798202594219096,-0.03868373066200664
2020,prom_10_jugados,points,24443,4.650214087325939,6.082243939014112,-0.02260554032738299
2020,prom_10_jugados,reboundsTotal,24443,1.948368442550826,2.575632029534131,-0.01408008525179086
2020,prom_10_jugados,assists,24443,1.3020796683440385,1.8027126999201792,-0.0017405573965734325
2020,prom_10_jugados,threePointersMade,24443,0.8731099207810331,1.2476043974153155,-0.002949346357479563
2020,tasa_x_minutos,numMinutes,24443,5.629958880687106,7.496571859419737,-1.8435212405408372
2020,tasa_x_minutos,points,24443,4.6955984899107674,6.249010123511558,-0.7893874735455146
2020,tasa_x_minutos,reboundsTotal,24443,1.9654765314054272,2.6485990719532637,-0.35894692478581525
2020,tasa_x_minutos,assists,24443,1.2957468428329209,1.8317044363716815,-0.17503457996543953
2020,tasa_x_minutos,threePointersMade,24443,0.8602310428733126,1.2580495511536858,-0.0898575337893343
2021,prom_10_jugados,numMinutes,27404,5.35709214620505,7.011823039695849,-0.0030061073229953827
2021,prom_10_jugados,points,27404,4.733877802568505,6.159881153260485,0.0010050960003521608
2021,prom_10_jugados,reboundsTotal,27404,1.9768605064027265,2.6035615312521294,0.004584329596189177
2021,prom_10_jugados,assists,27404,1.3268894240905627,1.8165797264891552,-0.010788020750070081
2021,prom_10_jugados,threePointersMade,27404,0.8858638554677454,1.2586787873784884,0.003796789600869298
2021,tasa_x_minutos,numMinutes,27404,5.659829450804309,7.537790054355415,-1.5112506313526237
2021,tasa_x_minutos,points,27404,4.742956276803525,6.261325465523603,-0.6136764010815244
2021,tasa_x_minutos,reboundsTotal,27404,1.9919340358144912,2.6654730322430953,-0.2869374879811313
2021,tasa_x_minutos,assists,27404,1.3153794313424294,1.8332875670280462,-0.1447295088424121
2021,tasa_x_minutos,threePointersMade,27404,0.8728518516587777,1.2628942570857566,-0.06414755521728956
2022,prom_10_jugados,numMinutes,27184,5.331779300031765,6.995476415203573,0.0031553195390379065
2022,prom_10_jugados,points,27184,4.784307135032745,6.287283093580205,0.004594716663396771
2022,prom_10_jugados,reboundsTotal,27184,1.9710917574063174,2.606017016409879,0.0029413164373067197
2022,prom_10_jugados,assists,27184,1.334560800237301,1.82837944939609,-0.005790696207853359
2022,prom_10_jugados,threePointersMade,27184,0.8833736523351737,1.2598277282868469,0.00397645790707886
2022,tasa_x_minutos,numMinutes,27184,5.5838072202836395,7.467334056170734,-1.4628620973355009
2022,tasa_x_minutos,points,27184,4.789904746723096,6.382878372212735,-0.5933906032493437
2022,tasa_x_minutos,reboundsTotal,27184,1.9739830035408314,2.654179543233317,-0.2717184828610667
2022,tasa_x_minutos,assists,27184,1.3237971595102627,1.845149302199572,-0.13926943778786774
2022,tasa_x_minutos,threePointersMade,27184,0.8729106231957174,1.26773933035889,-0.06197363411717444
2023,prom_10_jugados,numMinutes,27523,5.199070431137248,6.772519790887912,-0.020489256027714762
2023,prom_10_jugados,points,27523,4.684703529342558,6.1373286027697675,0.022115558185390696
2023,prom_10_jugados,reboundsTotal,27523,1.9303854092594421,2.55420115546897,-0.0016520093728246952
2023,prom_10_jugados,assists,27523,1.3787156225471453,1.877331717543164,-0.0030466438170903554
2023,prom_10_jugados,threePointersMade,27523,0.8836044918276142,1.2536555496190749,-0.002138370275019619
2023,tasa_x_minutos,numMinutes,27523,5.432432614800089,7.205341647132783,-1.4861230635964495
2023,tasa_x_minutos,points,27523,4.680431200686987,6.221611579969503,-0.5812883481578756
2023,tasa_x_minutos,reboundsTotal,27523,1.9313375854768509,2.600646959308541,-0.27750768621222427
2023,tasa_x_minutos,assists,27523,1.367521406338941,1.895772934316001,-0.14386814433411824
2023,tasa_x_minutos,threePointersMade,27523,0.8712960271611218,1.2583476378602099,-0.06932238203084405
2024,prom_10_jugados,numMinutes,27731,5.244666473913499,6.925660793192229,-0.07761774070391683
2024,prom_10_jugados,points,27731,4.7410554802859455,6.2170637626223275,-0.04802309947093762
2024,prom_10_jugados,reboundsTotal,27731,1.9671881162162799,2.6017644273086518,-0.014041388555470278
2024,prom_10_jugados,assists,27731,1.3711986986084566,1.8716225423870885,-0.0032468104860012823
2024,prom_10_jugados,threePointersMade,27731,0.9095890479567591,1.2888803515135419,-0.013704549890587175
2024,tasa_x_minutos,numMinutes,27731,5.661954361001069,7.596278243115816,-1.7950945588084621
2024,tasa_x_minutos,points,27731,4.776345036469987,6.370666881541708,-0.7685642765273865
2024,tasa_x_minutos,reboundsTotal,27731,1.9756939400235711,2.6682962793096188,-0.33773630508061286
2024,tasa_x_minutos,assists,27731,1.362240326996376,1.8953016829370724,-0.17515899632123355
2024,tasa_x_minutos,threePointersMade,27731,0.8994302977642922,1.3002261841487335,-0.09797187034394493
2025,prom_10_jugados,numMinutes,28337,5.233199467883989,6.8568347408834285,-0.04154071811995199
2025,prom_10_jugados,points,28337,4.670651459110894,6.135533615244059,-0.041210703264731564
2025,prom_10_jugados,reboundsTotal,28337,1.9365522304956613,2.5579217016046014,0.003440997271501545
2025,prom_10_jugados,assists,28337,1.3670424723747236,1.8683234088340983,-0.015346613407452596
2025,prom_10_jugados,threePointersMade,28337,0.899507570728942,1.265620978406683,-0.0023420498523720463
2025,tasa_x_minutos,numMinutes,28337,5.602048039721471,7.457696762484736,-1.6723761389982585
2025,tasa_x_minutos,points,28337,4.714410810141656,6.286160802905103,-0.7408519821804572
2025,tasa_x_minutos,reboundsTotal,28337,1.9441950089372186,2.6190835832216797,-0.2967092213836753
2025,tasa_x_minutos,assists,28337,1.3623670970311403,1.8980683109601908,-0.18147134740546184
2025,tasa_x_minutos,threePointersMade,28337,0.8901015890940724,1.2757760987733666,-0.08615470490933667
